ID,25.4mm,9.5mm,4.8mm,2.0mm,0.42mm,0.076mm,LL ,IP ,Umidade Ótima,Densidade máxima ,CBR 
1,100,100,"98,36","94,38","86,11","67,76","28,3","10,8","22,68","1,64","9,3"
2,100,100,"98,42","94,66","85,89","67,68","26,8","14,9","22,54","1,64","8,9"
3,100,100,"98,06","94,59","86,27","67,79","27,6","16,8","22,82","1,62","10,2"
4,100,100,"98,2","94,53","85,77","70,19","29,8","16,8","22,74","1,64","10,4"
5,100,"99,56","97,75","93,71","85,01","69,02","35,2","16,7","22,65","1,64","9,4"
6,100,"99,52","97,73","93,82","84,65","65,03","27,8","13,6","22,46","1,64","7,9"
7,100,100,"98,21","94,49","85,73","69,73","37,1","16,6","22,48","1,64","10,4"
8,100,"99,56","97,85","93,83","86,93","68,56","33,5","17,9","22,52","1,64","10,4"
9,100,"99,58","97,93","93,88","85,12","69,67",38,"14,9","21,47","1,63","9,6"
10,100,"99,52","97,38","93,6","84,42","67,13","36,3","16,7","22,12","1,65","9,4"
11,100,"99,42","97,72","93,99","85,72","70,68","28,7","14,1","22,48","1,64","8,7"
12,100,"99,53","98,34","94,93","86,61","70,17","25,5","12,7","21,94","1,63",10
13,100,100,"98,25","94,69","84,47","66,52","38,2","11,7","22,57","1,64","11,3"
14,100,"99,48","97,83","93,94","85,24","67,37","37,7","15,6","22,48","1,64","10,8"
15,100,"99,58","97,84","94,07","85,37","66,64","27,8","15,4","22,82","1,63","10,1"
16,100,"99,43","97,49","94,04","86,26","70,51","31,7","13,9","21,2","1,64","10,9"
17,100,"99,57","97,71","94,29","85,99","70,45","26,7","15,4","21,55","1,63","10,2"
18,100,"99,52","97,88","94,56","85,73","69,27","33,4","12,9","21,75","1,63","11,3"
19,100,"99,53","97,88","94,51","84,76","67,21","36,9","9,1","22,1","1,64","10,5"
20,100,"99,52","97,84","94,28","83,07","65,07","32,4","13,9","21,74","1,64","10,9"
21,100,"99,52","97,76","93,88","84,65","66,84","28,3","11,3","22,62","1,64","11,4"
22,100,"99,42","97,72","93,9","85,6","69,68","31,4","14,1","21,76","1,64","11,5"
23,100,"99,37","97,67","93,95","84,75","66,93","27,2","4,5","22,47","1,64","10,9"
24,100,100,100,"99,2","90,5","71,4","42,3","13,4","22,8",1 .628,"14,7"
25,100,100,100,"99,5",88,"67,4","42,2","13,7","22,9",1 .636,"13,7"
26,100,100,100,"98,8","88,2",70,"43,5","13,6",23,1 .634,"15,1"
27,100,100,100,"98,8","87,2","66,1","43,9",14,"22,8",1 .640,"14,5"
28,100,100,100,"98,8","88,9",66,"43,2",13,"23,6",1 .623,"13,8"
29,100,100,100,"99,4","88,9","67,7","43,8","13,8","23,3",1 .630,"14,7"
30,100,100,100,"99,1","86,4",64,"43,2","13,5","23,6",1 .614,"13,4"
31,100,100,100,"93,3","89,3",65,42,"13,6","23,2",1 .622,14
32,100,100,100,"97,3","87,6","63,6","44,4","14,4","23,7",1 .572,"15,5"
33,100,100,100,"97,5",87,"64,3","43,2","14,1",24,1 .567,"14,2"
34,100,100,100,100,77,"37,78",40,12,"22,1","1.440,00","7,4"
35,100,100,100,100,"77,91","36,31",39,13,"22,1","1.435,00","7,7"
36,100,100,100,100,"77,97","40,26",39,15,"22,9","1.449,00","7,2"
37,100,100,100,100,"77,97","37,61",37,13,22,"1.445,00","7,1"
38,100,100,"98,89","95,57","85,65","62,19",39,12,"22,4","1.555,00",11
39,100,100,"98,89","95,39","85,45","61,28",40,14,"22,7","1.552,00","14,5"
40,100,100,"98,97","95,53","86,93","62,07",39,12,"22,2","1.528,00","12,7"
41,100,100,"99,11","95,51","87,9","62,63",39,12,"22,3","1.526,00","12,7"
42,100,100,100,100,"77,72","40,4",38,12,"22,5","1.457,00","7,7"
43,100,100,100,100,78,"41,68",39,13,"22,8","1.409,00","7,4"
44,100,100,100,100,"75,83","36,3",39,10,"22,5","1.475,00","9,9"
45,100,100,100,"99,9","95,7","91,4",59,21,"30,3","1.463,00","6,7"
46,100,100,100,"99,9","96,9","91,9",60,22,"31,4","1.452,00","8,4"
47,100,100,"99,9","99,9","97,9","93,3",54,16,"28,6","1.462,00","13,3"
48,100,100,"99,9","99,8","98,2","95,3",54,16,"31,4","1.448,00","4,4"
49,100,100,100,"99,8","96,6","92,2",53,15,"30,2","1.449,00","7,7"
50,100,100,100,"99,9","95,5",91,54,16,"30,9","1.459,00","5,4"
51,100,100,"99,8","98,4",95,"90,7",50,12,"28,1","1.510,00","6,9"
52,"99,9","99,9","99,9","99,4","96,2","91,9",52,18,"29,4","1.447,00",6
53,"99,9","99,9",100,"99,8","96,7","92,1",57,22,"28,8","1.469,00","7,3"
54,"99,9","99,9",100,"99,9","96,3",92,58,20,"30,3","1.458,00","8,7"
55,"99,9","99,9","99,9","99,4","96,1",93,54,22,"28,1","1.491,00","6,7"
56,"99,9","99,9",100,"99,9","97,2","93,7",57,22,"30,7","1.438,00","7,3"
57,"99,9","99,9",100,"99,8","97,7",90,55,18,"30,1","1.426,00","8,8"
58,"99,9","99,9",100,"99,8","97,4","90,9",55,20,29,"1.477,00","9,7"
59,100,100,100,"99,9","98,1",93,55,19,"29,8","1.442,00","11,3"
60,100,100,100,"99,9","97,7","94,7",56,20,"29,3","1.450,00","10,6"
61,100,100,"99,9","99,7","95,5","90,6",56,22,"29,6","1.482,00","7,6"
62,"96,7","81,3","58,1","45,2","31,3","20,8",35,8,"10,4","1.990,00","45,7"
63,"99,5","91,2","65,8","50,7","37,5","21,51",33,8,11,"1.940,00","42,3"
64,"99,9","92,5","76,2","62,1","49,5","33,2",37,11,12,"1.942,00","40,5"
65,"98,8","84,7","61,1","42,3","28,6","18,7",36,9,"10,1","1.940,00","40,5"
66,"99,6","92,6","56,4",34,"30,9","21,9",34,8,11,"1.935,00","45,2"
67,"99,2","92,5","71,4","49,2","32,7","22,5",34,8,12,"1.978,00","43,8"
68,"97,4","91,3","70,7","53,6","48,4","33,2",30,10,"11,7","1.933,00","40,3"
69,"97,7","88,4",73,"61,9","42,7","25,5",34,8,10,"1.950,00","39,2"
70,"99,6","89,6","60,8","41,5","28,9","19,3",34,7,"10,8","1.925,00","43,3"
71,"98,6","90,2","66,2","46,6","32,4","10,3",33,5,10,"1.980,00","31,9"
72,"98,6","85,3","62,3","43,2","37,6","25,1",35,10,14,"1.960,00","36,6"
73,"98,6","86,2","62,7","47,4","34,7","23,4",34,9,"11,2","1.940,00","30,8"
74,98,"91,8","72,3","54,8","40,9","25,8",32,8,"12,1","1.962,00",33
75,"99,5",91,"67,5","49,1","37,7","31,8",35,9,14,"1.940,00","28,6"
76,"98,2","91,4","69,2","51,1","41,4","28,5",35,10,"9,2","1.960,00","30,8"
77,"99,3","90,4","64,2","42,2","30,7","20,2",36,10,"11,9","1.990,00","40,5"
78,98,"89,8",67,"55,4",47,"27,1",35,9,10,"2.000,00","10,2"
79,"98,2","87,7","69,8",57,"47,2","27,4",35,9,"10,5","2.040,00","38,1"
80,"99,8","93,4","67,2","48,4","39,6","24,4",35,9,"8,4","1.970,00","35,3"
81,"99,9","90,8","66,2","41,2","34,3","23,8",34,8,"8,8","1.935,00","36,6"
82,"98,7","88,1","60,6","44,3","31,7","19,7",37,8,"9,6","1.950,00",35
83,100,"99,6","95,9","87,89",78,44,37,10,9,"1.947,00","33,7"
84,"99,2",74,"58,3","43,3","33,1",24,32,8,"11,4","1.920,00","43,3"
85,"98,7","89,9","72,2","60,9","51,2","33,6",35,11,"12,8","1.920,00","43,3"
86,"98,8","93,2","80,8",69,"51,2","28,6",33,9,"11,4","1.940,00","43,7"
87,"99,6","92,6","56,4",34,"30,9","21,1",37,10,9,"1.970,00","44,1"
88,"98,3","93,1","72,8",56,"50,2","34,1",35,11,"11,2","1.960,00","38,8"
89,99,"90,7","74,5","63,4","43,5","27,7",34,8,10,"1.900,00","31,7"
90,"99,5","92,6","84,3","76,5","65,7","49,4",36,8,"14,2","1.835,00","35,9"
91,"98,6","93,2","79,6",67,"44,4",26,33,9,8,"1.931,00","31,6"
92,"88,1","70,4","51,21","48,8","37,2",21,35,8,"11,8","1.940,00","32,1"
93,99,"90,4","66,5","51,8","38,9","30,36",37,9,10,"1.970,00","31,4"
94,100,"95,5","77,2","66,2","55,2","37,9",35,7,"13,8","1.900,00","20,5"
95,"98,1",81,58,45,"31,1","21,8",35,9,"9,2","1.995,00","33,7"
96,"99,4","92,9","69,7",52,"39,4","26,3",34,10,12,"1.950,00","31,6"
97,"99,7","93,9","73,1",59,"50,7","27,6",34,9,"9,2","1.980,00","33,7"
98,98,"87,4",68,"56,5","46,6","27,9",35,9,"10,8","1.980,00","35,2"
99,"92,4","69,2","55,4","49,2","36,1","18,5",37,8,"13,6","1.980,00","36,6"
100,"99,5","89,6","59,4","36,4","29,5","19,67",34,8,"12,2","1.940,00","36,6"
101,90,"64,84","49,9","38,92","29,34","15,68",32,10,"8,6","2.025,00","60,45"
102,"94,6","60,7","48,5","39,5","32,6","22,1",32,11,"8,6","2.005,00","45,32"
103,"96,2","81,1","63,4","50,8","38,8","22,3",33,11,"10,1","2.064,00","57,79"
104,"94,2","79,1",68,"55,3","41,3","26,1",35,13,"8,9","2.133,00","49,92"
105,"91,4","71,6","61,5",56,"37,1","19,8",32,7,"9,7","2.096,00","39,52"
107,"88,4","67,9",54,40,"32,4","25,9",32,32,"7,1","2.151,00","54,53"
108,"91,6","65,8","53,4","37,8","31,5","24,5",30,30,"7,2","2.143,00","57,58"
109,"92,1","66,5","55,1","38,5","31,5",25,32,32,7,"2.165,00","60,02"
113,"97,3","79,1","63,6","48,5","41,4","33,6",40,14,"10,2","2.036,00","58,9"
114,"98,4","85,5","59,9","39,5",33,"25,8",33,12,"11,7","2.090,00","54,26"
115,95,69,"52,6","34,5","27,7","19,7","30,1","8,9","6,1","2.116,00","85,8"
116,"91,3","67,1","58,4","41,2","29,7","23,1",29,10,"7,2","2.120,00","115,77"
117,"94,6","77,6","64,5","54,7",36,"15,6",28,9,8,"2.115,00","82,53"
118,"92,5","87,2","75,2","62,1","40,9","23,4",27,8,"7,4","2.093,00","45,16"
119,"91,06","57,58","46,41","37,09","29,26","15,49",30,9,"8,2","2.047,00","27,04"
120,"92,7","67,6","57,7","49,6",42,"28,9",34,14,"10,6","1.935,00","21,98"
121,"88,6","68,9",58,"48,9",38,"21,7",33,11,9,"1.983,00",24
122,"92,4","72,9","61,2","52,2","41,42","25,8",35,12,"11,8","1.853,00","42,02"
123,"88,8","68,6","53,7","40,2","33,1",27,33,12,"9,9","2.008,00","39,82"
124,"97,9","82,6","62,3","46,6","41,3",26,31,11,"10,9","2.064,00","38,31"
125,"94,9","77,5","61,6","48,3",41,"27,6",34,12,"10,9","2.036,00","40,83"
126,"96,7","77,8",62,"51,3","45,4",37,36,13,"11,3","1.790,00","37,51"
127,100,100,98,"93,6","75,2","49,6",40,15,"14,5","1.688,00","12,78"
128,96,"74,7","54,2","41,2","30,2","17,6",31,12,12,"1.937,00","31,62"
129,96,"79,3","68,1","52,4",41,"23,6",29,9,"8,9","2.035,00","74,42"
130,96,81,62,"43,1","28,8","16,6",38,14,10,"2.046,00","24,71"
131,"97,9","83,7","55,6","40,5","30,4","20,7",41,15,"12,5","1.931,00","43,91"
132,"92,7",74,"58,8","43,5","31,9","18,7",30,9,"13,3","1.931,00","22,88"
133,"97,7","85,1","69,8","53,4","41,1","23,2",33,11,"10,6","1.979,00","20,32"
134,"98,9","86,3","63,3","43,3",36,"27,6",34,13,"12,1","1.938,00","26,31"
135,98,"88,2","70,1","42,2","33,5","26,1",33,"12,5","9,6","1.996,00","33,6"
136,"93,8","69,2","51,3",35,"28,5","20,5","29,6","8,4","10,5","1.994,00","33,1"
137,"93,7","91,3","66,8","53,9","36,8","16,9",29,11,"8,4","2.035,00","41,62"
138,"92,2",80,"67,7","53,4","35,3","15,7",35,12,"8,7","2.029,00","45,18"
139,93,"81,7","68,9",55,"36,9","17,3",29,11,"7,6","2.081,00","49,5"
140,100,100,100,"97,1","92,4","76,1",41,16,17,"1.592,00","13,22"
141,100,100,"98,97","95,57","83,62","51,61",38,16,"16,3","1.603,00","8,29"
142,100,"99,5","99,3","98,4","94,3","52,1",37,17,"16,1","1.762,00","15,85"
143,100,100,"99,5","98,5","93,1","50,2",37,15,"17,4","1.664,00","11,2"
144,97,"88,9","85,4","80,9","70,3","46,9",35,15,"16,3","1.595,00","7,43"
145,100,100,99,"95,1",87,"64,9",38,17,"18,14","1.570,00","8,45"
146,100,100,"99,5",97,86,"61,3",42,17,"17,8","1.618,00","9,13"
147,"97,9","80,5","60,5",45,40,"25,5",35,13,"8,8","1.947,00","16,64"
148,"93,9","79,4","70,5","63,5","52,7","35,2",38,13,"15,4","1.849,00","13,81"
149,100,"99,6","98,9","97,5","85,7","59,1",43,19,"25,3","1.510,00","7,32"
150,100,100,100,97,"81,3","55,7",42,16,"16,2","1.543,00","6,14"
151,100,100,"98,8","96,2","83,6","56,8",43,14,"17,7","1.640,00","7,09"
152,"98,4","89,9","77,2","68,7","56,6",43,40,16,"16,4","1.690,00","8,28"
153,100,100,100,98,"87,7","65,1",41,17,"21,1","1.409,00","6,93"
154,"96,5","86,3","74,9","63,9","49,6","34,3",42,16,"15,5","1.803,00","13,57"
155,"97,9","82,5","60,2","45,9","34,5","21,7",37,15,"14,1","1.855,00","19,31"
156,100,100,"99,1",98,"89,4",63,42,16,"22,5","1.510,00","11,14"
157,100,"97,3","91,2","83,9","70,9","39,9",38,15,"14,7","1.740,00","13,27"
158,100,"99,8","99,4",98,"76,8","49,5",42,17,"24,4","1.564,00","11,18"
159,100,100,"99,8","98,3","74,2","46,2",39,16,"22,9","1.588,00","9,54"
160,"98,7","86,5","67,3",48,"38,8","29,7",34,13,"13,8","1.873,00","15,09"
161,100,100,100,"97,7","92,6","72,3","37,4","15,1","18,9","1.707,00","13,9"
162,100,100,"98,3",92,"81,7","68,2",39,"16,2",19,"1.565,00","12,1"
163,"93,2","78,1","55,8","44,4","35,5","20,2",30,12,"12,9","1.889,00","28,3"
164,"94,4","83,8","71,4","58,5","41,9","21,7",35,12,"11,8","1.824,00","18,42"
165,100,"94,9","88,3","80,5","67,7","47,5",46,18,"14,3","1.713,00","7,63"
166,100,100,100,"98,1","92,9","77,1",43,16,"19,3","1.519,00","8,02"
167,100,"98,1","96,9",96,"93,1","88,9",55,23,"31,3","1.437,00","16,6"
168,100,100,100,"99,9","98,3","94,9",61,24,"33,9","1.375,00","18,4"
169,100,95,"92,5","90,8","83,4",74,53,21,"30,9","1.412,00","14,7"
170,100,"99,3","99,2","98,7","95,1","87,9",58,25,"32,5","1.347,00","14,1"
171,100,"99,2","99,2","99,1","96,5","91,5",57,21,"31,9","1.347,00","16,8"
172,100,"99,3","98,9","98,4","95,5","90,1",58,28,"32,1","1.416,00","22,1"
173,100,"98,2","97,7","97,2","92,4","86,6",54,24,"30,5","1.422,00","16,8"
174,100,100,"99,9","99,5","95,4",89,57,22,"31,9","1.411,00",15
175,100,100,100,"99,7","96,9","91,9",55,24,"31,8","1.380,00","19,7"
176,100,100,"99,8","99,6","94,7","87,6",54,23,"32,7","1.366,00","15,5"
177,100,"98,3","98,1","97,5","91,9","85,6",57,27,33,"1.376,00","16,8"
178,"1.000,00","99,8","99,6","99,3","91,8","83,7",54,20,"30,8","1.435,00","9,3"
179,"1.000,00","1.000,00","99,9","99,7",98,"94,1",57,26,"30,5","1.433,00","15,9"
180,"1.000,00","99,3","99,2","98,9","96,8","91,8",57,25,"32,2","1.410,00","19,4"
181,"1.000,00","1.000,00","99,9","99,8","95,6","91,1",56,24,33,"1.358,00","16,2"
182,"1.000,00","99,2","98,8","98,5",95,"88,3",61,30,"34,3","1.326,00","11,3"
183,100,"96,2","95,6","94,7","90,2","83,9",57,22,"31,3","1.375,00","13,2"
184,100,"98,9","97,3","95,4","90,7","84,4",58,24,"32,5","1.322,00","12,2"
185,100,100,"99,9","99,7","85,6","49,7",53,19,"31,7","1.428,00","17,6"
186,100,99,"98,7","98,1","94,9","90,6",56,22,"32,2","1.395,00","16,8"
187,100,"98,6","97,5","96,3","92,9","87,4",51,19,"31,9","1.369,00","15,8"
188,100,98,"97,6",97,94,"90,1",58,24,"33,1","1.352,00","17,1"
189,100,100,100,"99,7","97,3","92,4",66,26,"32,9","1.397,00",18
190,100,"99,6","99,4","98,8","97,1","92,4",61,29,29,"1.524,00",22
191,100,"99,4","98,8","98,1",96,"92,3",61,27,"32,6","1.365,00","18,1"
192,100,"96,3","93,8","91,8",87,"79,3",54,23,"28,7","1.441,00","18,1"
193,100,100,"99,9","99,5","97,1",93,60,28,"31,6","1.394,00","17,4"
194,100,100,"99,9","99,5","97,1",93,61,27,"31,9","1.424,00","21,7"
195,100,100,"99,6","97,8","95,4","84,1","52,4","11,1",29,"1.423,00","10,3"
196,100,100,100,"99,8","97,1","95,1","60,6","14,6","35,6","1.349,00","9,4"
197,100,100,"96,3","93,8","90,2","88,2","56,4","9,2","32,7","1.385,00","10,3"
198,100,100,"97,9","96,3","90,8","86,7","54,1","7,4","31,2","1.404,00","9,2"
199,100,100,"99,9","99,4",96,"93,4","61,4","11,1","33,4","1.327,00","11,8"
200,100,100,"96,8","93,1","91,6","84,8","55,3","9,4","29,6","1.437,00","7,5"
201,100,100,"99,3","97,4","92,8","89,4","58,2","9,9","32,1","1.345,00","9,1"
202,100,"99,2","98,9","96,2","90,3","86,7","58,3","12,2","33,1","1.339,00","10,9"
203,100,100,"98,2","96,1","91,3","88,9","54,9","11,9","30,9","1.354,00","8,2"
204,100,100,"97,3","94,7","91,1","89,2",57,"11,7","31,4","1.398,00","8,7"
205,100,100,"98,3","96,3","91,2","87,9","58,9","13,5",32,"1.372,00","9,2"
206,100,"98,9","97,1","95,8","90,2","85,1","52,2","10,4","28,7","1.415,00","11,3"
207,100,"99,8","96,1","90,5","88,5","87,5","41,3","5,9","30,6","1.409,00","7,2"
208,100,100,"99,6","97,6","95,8","91,9","50,4","10,5","32,6","1.390,00","9,8"
209,100,"99,2","98,9","96,8","93,4","89,7","47,3","10,9","29,8","1.432,00",9
210,100,100,"99,6","98,1","95,4",91,"51,2",12,"31,5","1.383,00","10,2"
211,100,"99,3","98,1","96,5","92,2","86,4","46,6","9,9","28,6","1.431,00","7,8"
212,100,"98,7","97,4",96,"94,1","88,2",44,"8,9","29,4","1.466,00","8,9"
213,100,"98,9","96,3","94,2","89,5","79,8","42,8","9,4","26,9","1.506,00","6,3"
214,100,"99,8",98,"95,7","92,6","87,8","48,6","10,1","30,6","1.454,00","8,2"
215,100,"94,5","92,9","91,9","84,7","78,2","39,7","8,4","24,9","1.529,00","6,8"
216,100,"98,6","95,6","91,9","88,3","76,5","41,6","9,7","27,6","1.499,00","6,5"
217,100,"99,2","96,4","94,7","91,8","87,5","48,2","9,9","29,1","1.419,00","8,5"
218,100,97,"95,2","93,3","92,1","89,3","45,1","7,9","30,2","1.473,00","7,9"
219,100,"98,2","97,5","91,8","88,1","80,2","42,1","9,3","27,3","1.512,00","7,1"
220,100,"99,1","98,3","93,9","90,1","88,2","51,4","11,2","32,1","1.398,00","9,6"
221,100,"99,9",99,"96,4","90,9","84,4","39,9","4,1","28,7","1.430,00","9,8"
222,100,"98,6","97,1","93,9","90,4","85,9","47,3","10,5","29,6","1.489,00","7,2"
223,100,"98,9","97,6","95,4","92,7","90,4","50,5","11,4","33,1","1.361,00","7,5"
224,100,"99,4","97,9","96,2","91,3","86,4","52,6","12,1","32,2","1.385,00","8,8"
225,100,"97,5","96,2","91,9","87,4","82,6","54,1","12,2","33,8","1.343,00","10,6"
226,100,"98,1","97,3","95,5","90,3","85,8","49,6","10,2","32,1","1.404,00","8,3"
227,100,100,"98,5","95,1","90,8","86,3","52,3","12,6","29,6","1.428,00","7,8"
228,100,"98,2","96,4","91,1","85,1","79,5","48,6","8,9","26,8","1.502,00","6,8"
229,100,"99,4","97,6","94,1","89,7","83,4","47,8","7,5","28,9","1.485,00","9,6"
230,100,100,99,"97,5","94,5","89,1","51,8","12,9","30,4","1.411,00","10,8"
231,100,100,"99,8","97,1","96,4","92,9","59,4","14,1","31,5","1.387,00","9,2"
232,100,100,100,"98,9","95,4","90,3","51,8","12,3","32,1","1.359,00","9,9"
233,100,100,"98,8","97,6","93,9","88,5","53,6","12,7","30,2","1.465,00","8,6"
234,100,100,100,"99,8","98,4","97,3","57,9","15,1","31,5","1.362,00","8,1"
235,100,100,"99,4","98,9","97,6","93,8","59,6","11,3","30,8","1.393,00","9,8"
236,100,100,"99,4","97,2","93,1","89,8","50,2","12,6","28,9","1.472,00","8,3"
237,100,100,100,"98,5","96,1","92,4","53,3","13,8","32,1","1.381,00","10,1"
238,100,100,"99,2","96,5","94,3","87,8","46,6","7,5","28,9","1.463,00","7,6"
239,100,100,"98,6","97,4","96,2","91,5","50,8","10,5","30,6","1.416,00","8,8"
240,100,100,100,"99,7","97,3","92,4",66,26,"32,9","1.397,00",18
241,100,"99,6","99,4","98,8","97,1","92,4",61,29,29,"1.524,00",22
242,100,"99,4","98,8","98,1",95,"92,3",61,27,"32,6","1.365,00","18,1"
243,100,"96,3","93,8","91,8",87,"79,3",54,23,"28,7","1.441,00","18,1"
244,100,100,"99,9","99,5","97,1",93,60,28,"31,6","1.394,00","17,4"
245,100,100,"99,9","99,5","97,1",93,61,27,"31,9","1.424,00","21,7"
247,100,"96,5","93,2","90,4","87,5","81,8","46,3","11,3","29,5","1.493,00","8,3"
248,100,"98,6","97,2","95,6","90,8","86,4","47,3","9,4","30,9","1.422,00","7,1"
249,100,"98,7","95,3","92,9","88,7","83,1","44,5","10,9","28,3","1.487,00","9,3"
250,100,"99,4","96,5","91,8","89,2","81,5","42,1","7,6","29,1","1.455,00","8,6"
251,100,"99,1","97,6","93,4","87,3","78,6","39,8","7,3","27,4","1.509,00","8,1"
252,100,100,"98,1","95,4","90,2","85,6","50,2","9,9","31,8","1.391,00","9,8"
253,100,"98,1","96,4","91,7","86,4","80,5","47,8","10,6","29,5","1.438,00","8,4"
254,100,100,"98,36","94,38","86,11","67,76","28,3","10,8","22,68",1639,"9,3"
255,100,100,"98,42","94,66","85,89","67,68","26,8","14,9","22,54",1642,"8,9"
256,100,100,"98,06","94,59","86,27","67,79","27,6","16,8","22,82",1621,"10,2"
257,100,100,"98,2","94,53","85,77","70,19","29,8","16,8","22,74",1637,"10,4"
258,100,"99,56","97,75","93,71","85,01","69,02","35,2","16,7","22,65",1642,"9,4"
259,100,"99,52","97,73","93,82","84,65","65,03","27,8","13,6","22,46",1635,"7,9"
260,100,100,"98,21","94,49","85,73","69,73","37,1","16,6","22,48",1637,"10,4"
261,100,"99,56","97,85","93,83","86,93","68,56","33,5","17,9","22,52",1642,"10,4"
262,100,"99,58","97,93","93,88","85,12","69,67",38,"14,9","21,47",1632,"9,6"
263,100,"99,52","97,38","93,6","84,42","67,13","36,3","16,7","22,12",1646,"9,4"
264,100,"99,42","97,72","93,99","85,72","70,68","28,7","14,1","22,48",1637,"8,7"
265,100,"99,53","98,34","94,93","86,61","70,17","25,5","12,7","21,94",1630,10
266,100,100,"98,25","94,69","84,47","66,52","38,2","11,7","22,57",1637,"11,3"
267,100,"99,48","97,83","93,94","85,24","67,37","37,7","15,6","22,48",1642,"10,8"
268,100,"99,58","97,84","94,07","85,37","66,64","27,8","15,4","22,82",1629,"10,1"
269,100,"99,43","97,49","94,04","86,26","70,51","31,7","13,9","21,2",1636,"10,9"
270,100,"99,57","97,71","94,29","85,99","70,45","26,7","15,4","21,55",1633,"10,2"
271,100,"99,52","97,88","94,56","85,73","69,27","33,4","12,9","21,75",1629,"11,3"
272,100,"99,53","97,88","94,51","84,76","67,21","36,9","9,1","22,1",1635,"10,5"
273,100,"99,52","97,84","94,28","83,07","65,07","32,4","13,9","21,74",1636,"10,9"
274,100,"99,52","97,76","93,88","84,65","66,84","28,3","11,3","22,62",1639,"11,4"
275,100,"99,42","97,72","93,9","85,6","69,68","31,4","14,1","21,76",1636,"11,5"
276,100,"99,37","97,67","93,95","84,75","66,93","27,2","4,5","22,47",1641,"10,9"
277,100,100,100,"99,2","90,5","71,4","42,3","13,4","22,8",1628,"14,7"
278,100,100,100,"99,5",88,"67,4","42,2","13,7","22,9",1636,"13,7"
279,100,100,100,"98,8","88,2",70,"43,5","13,6",23,1634,"15,1"
280,100,100,100,"98,8","87,2","66,1","43,9",14,"22,8",1640,"14,5"
281,100,100,100,"98,8","88,9",66,"43,2",13,"23,6",1623,"13,8"
282,100,100,100,"99,4","88,9","67,7","43,8","13,8","23,3",1630,"14,7"
283,100,100,100,"99,1","86,4",64,"43,2","13,5","23,6",1614,"13,4"
284,100,100,100,"93,3","89,3",65,42,"13,6","23,2",1622,14
285,100,100,100,"97,3","87,6","63,6","44,4","14,4","23,7",1572,"15,5"
286,100,100,100,"97,5",87,"64,3","43,2","14,1",24,1567,"14,2"
287,100,100,100,100,77,"37,78",40,12,"22,1",1440,"7,4"
288,100,100,100,100,"77,91","36,31",39,13,"22,1",1435,"7,7"
289,100,100,100,100,"77,97","40,26",39,15,"22,9",1449,"7,2"
290,100,100,100,100,"77,97","37,61",37,13,22,1445,"7,1"
291,100,100,"98,89","95,57","85,65","62,19",39,12,"22,4",1555,11
292,100,100,"98,89","95,39","85,45","61,28",40,14,"22,7",1552,"14,5"
293,100,100,"98,97","95,53","86,93","62,07",39,12,"22,2",1528,"12,7"
294,100,100,"99,11","95,51","87,9","62,63",39,12,"22,3",1526,"12,7"
295,100,100,100,100,"77,72","40,4",38,12,"22,5",1457,"7,7"
296,100,100,100,100,78,"41,68",39,13,"22,8",1409,"7,4"
297,100,100,100,100,"75,83","36,3",39,10,"22,5",1475,"9,9"
298,100,100,100,"99,9","95,7","91,4",59,21,"30,3",1463,"6,7"
299,100,100,100,"99,9","96,9","91,9",60,22,"31,4",1452,"8,4"
300,100,100,"99,9","99,9","97,9","93,3",54,16,"28,6",1462,"13,3"
301,100,100,"99,9","99,8","98,2","95,3",54,16,"31,4",1448,"4,4"
302,100,100,100,"99,8","96,6","92,2",53,15,"30,2",1449,"7,7"
303,100,100,100,"99,9","95,5",91,54,16,"30,9",1459,"5,4"
304,100,100,"99,8","98,4",95,"90,7",50,12,"28,1",1510,"6,9"
305,"99,9","99,9","99,9","99,4","96,2","91,9",52,18,"29,4",1447,6
306,"99,9","99,9",100,"99,8","96,7","92,1",57,22,"28,8",1469,"7,3"
307,"99,9","99,9",100,"99,9","96,3",92,58,20,"30,3",1458,"8,7"
308,"99,9","99,9","99,9","99,4","96,1",93,54,22,"28,1",1491,"6,7"
309,"99,9","99,9",100,"99,9","97,2","93,7",57,22,"30,7",1438,"7,3"
310,"99,9","99,9",100,"99,8","97,7",90,55,18,"30,1",1426,"8,8"
311,"99,9","99,9",100,"99,8","97,4","90,9",55,20,29,1477,"9,7"
312,100,100,100,"99,9","98,1",93,55,19,"29,8",1442,"11,3"
313,100,100,100,"99,9","97,7","94,7",56,20,"29,3",1450,"10,6"
314,100,100,"99,9","99,7","95,5","90,6",56,22,"29,6",1482,"7,6"
315,"96,7","81,3","58,1","45,2","31,3","20,8",35,8,"10,4",1990,"45,7"
316,"99,5","91,2","65,8","50,7","37,5","21,51",33,8,11,1940,"42,3"
317,"99,9","92,5","76,2","62,1","49,5","33,2",37,11,12,1942,"40,5"
318,"98,8","84,7","61,1","42,3","28,6","18,7",36,9,"10,1",1940,"40,5"
319,"99,6","92,6","56,4",34,"30,9","21,9",34,8,11,1935,"45,2"
320,"99,2","92,5","71,4","49,2","32,7","22,5",34,8,12,1978,"43,8"
321,"97,4","91,3","70,7","53,6","48,4","33,2",30,10,"11,7",1933,"40,3"
322,"97,7","88,4",73,"61,9","42,7","25,5",34,8,10,1950,"39,2"
323,"99,6","89,6","60,8","41,5","28,9","19,3",34,7,"10,8",1925,"43,3"
324,"98,6","90,2","66,2","46,6","32,4","10,3",33,5,10,1980,"31,9"
325,"98,6","85,3","62,3","43,2","37,6","25,1",35,10,14,1960,"36,6"
326,"98,6","86,2","62,7","47,4","34,7","23,4",34,9,"11,2",1940,"30,8"
327,98,"91,8","72,3","54,8","40,9","25,8",32,8,"12,1",1962,33
328,"99,5",91,"67,5","49,1","37,7","31,8",35,9,14,1940,"28,6"
329,"98,2","91,4","69,2","51,1","41,4","28,5",35,10,"9,2",1960,"30,8"
330,"99,3","90,4","64,2","42,2","30,7","20,2",36,10,"11,9",1990,"40,5"
331,98,"89,8",67,"55,4",47,"27,1",35,9,10,2000,"10,2"
332,"98,2","87,7","69,8",57,"47,2","27,4",35,9,"10,5",2040,"38,1"
333,"99,8","93,4","67,2","48,4","39,6","24,4",35,9,"8,4",1970,"35,3"
334,"99,9","90,8","66,2","41,2","34,3","23,8",34,8,"8,8",1935,"36,6"
335,"98,7","88,1","60,6","44,3","31,7","19,7",37,8,"9,6",1950,35
336,100,"99,6","95,9","87,89",78,44,37,10,9,1947,"33,7"
337,"99,2",74,"58,3","43,3","33,1",24,32,8,"11,4",1920,"43,3"
338,"98,7","89,9","72,2","60,9","51,2","33,6",35,11,"12,8",1920,"43,3"
339,"98,8","93,2","80,8",69,"51,2","28,6",33,9,"11,4",1940,"43,7"
340,"99,6","92,6","56,4",34,"30,9","21,1",37,10,9,1970,"44,1"
341,"98,3","93,1","72,8",56,"50,2","34,1",35,11,"11,2",1960,"38,8"
342,99,"90,7","74,5","63,4","43,5","27,7",34,8,10,1900,"31,7"
343,"99,5","92,6","84,3","76,5","65,7","49,4",36,8,"14,2",1835,"35,9"
344,"98,6","93,2","79,6",67,"44,4",26,33,9,8,1931,"31,6"
345,"88,1","70,4","51,21","48,8","37,2",21,35,8,"11,8",1940,"32,1"
346,99,"90,4","66,5","51,8","38,9","30,36",37,9,10,1970,"31,4"
347,100,"95,5","77,2","66,2","55,2","37,9",35,7,"13,8",1900,"20,5"
348,"98,1",81,58,45,"31,1","21,8",35,9,"9,2",1995,"33,7"
349,"99,4","92,9","69,7",52,"39,4","26,3",34,10,12,1950,"31,6"
350,"99,7","93,9","73,1",59,"50,7","27,6",34,9,"9,2",1980,"33,7"
351,98,"87,4",68,"56,5","46,6","27,9",35,9,"10,8",1980,"35,2"
352,"92,4","69,2","55,4","49,2","36,1","18,5",37,8,"13,6",1980,"36,6"
353,"99,5","89,6","59,4","36,4","29,5","19,67",34,8,"12,2",1940,"36,6"
354,90,"64,84","49,9","38,92","29,34","15,68",32,10,"8,6",2025,"60,45"
355,"94,6","60,7","48,5","39,5","32,6","22,1",32,11,"8,6",2005,"45,32"
356,"96,2","81,1","63,4","50,8","38,8","22,3",33,11,"10,1",2064,"57,79"
357,"94,2","79,1",68,"55,3","41,3","26,1",35,13,"8,9",2133,"49,92"
358,"91,4","71,6","61,5",56,"37,1","19,8",32,7,"9,7",2096,"39,52"
359,"88,4","67,9",54,40,"32,4","25,9",32,32,"7,1",2151,"54,53"
360,"91,6","65,8","53,4","37,8","31,5","24,5",30,30,"7,2",2143,"57,58"
361,"92,1","66,5","55,1","38,5","31,5",25,32,32,7,2165,"60,02"
362,"97,3","79,1","63,6","48,5","41,4","33,6",40,14,"10,2",2036,"58,9"
363,"98,4","85,5","59,9","39,5",33,"25,8",33,12,"11,7",2090,"54,26"
364,95,69,"52,6","34,5","27,7","19,7","30,1","8,9","6,1",2116,"85,8"
365,"91,3","67,1","58,4","41,2","29,7","23,1",29,10,"7,2",2120,"115,77"
366,"94,6","77,6","64,5","54,7",36,"15,6",28,9,8,2115,"82,53"
367,"92,5","87,2","75,2","62,1","40,9","23,4",27,8,"7,4",2093,"45,16"
368,"91,06","57,58","46,41","37,09","29,26","15,49",30,9,"8,2",2047,"27,04"
369,"92,7","67,6","57,7","49,6",42,"28,9",34,14,"10,6",1935,"21,98"
370,"88,6","68,9",58,"48,9",38,"21,7",33,11,9,1983,24
371,"92,4","72,9","61,2","52,2","41,42","25,8",35,12,"11,8",1853,"42,02"
372,"88,8","68,6","53,7","40,2","33,1",27,33,12,"9,9",2008,"39,82"
373,"97,9","82,6","62,3","46,6","41,3",26,31,11,"10,9",2064,"38,31"
374,"94,9","77,5","61,6","48,3",41,"27,6",34,12,"10,9",2036,"40,83"
375,"96,7","77,8",62,"51,3","45,4",37,36,13,"11,3",1790,"37,51"
376,100,100,98,"93,6","75,2","49,6",40,15,"14,5",1688,"12,78"
377,96,"74,7","54,2","41,2","30,2","17,6",31,12,12,1937,"31,62"
378,96,"79,3","68,1","52,4",41,"23,6",29,9,"8,9",2035,"74,42"
379,96,81,62,"43,1","28,8","16,6",38,14,10,2046,"24,71"
380,"97,9","83,7","55,6","40,5","30,4","20,7",41,15,"12,5",1931,"43,91"
381,"92,7",74,"58,8","43,5","31,9","18,7",30,9,"13,3",1931,"22,88"
382,"97,7","85,1","69,8","53,4","41,1","23,2",33,11,"10,6",1979,"20,32"
383,"98,9","86,3","63,3","43,3",36,"27,6",34,13,"12,1",1938,"26,31"
384,98,"88,2","70,1","42,2","33,5","26,1",33,"12,5","9,6",1996,"33,6"
385,"93,8","69,2","51,3",35,"28,5","20,5","29,6","8,4","10,5",1994,"33,1"
386,"93,7","91,3","66,8","53,9","36,8","16,9",29,11,"8,4",2035,"41,62"
387,"92,2",80,"67,7","53,4","35,3","15,7",35,12,"8,7",2029,"45,18"
388,93,"81,7","68,9",55,"36,9","17,3",29,11,"7,6",2081,"49,5"
389,100,100,100,"97,1","92,4","76,1",41,16,17,1592,"13,22"
390,100,100,"98,97","95,57","83,62","51,61",38,16,"16,3",1603,"8,29"
391,100,"99,5","99,3","98,4","94,3","52,1",37,17,"16,1",1762,"15,85"
392,100,100,"99,5","98,5","93,1","50,2",37,15,"17,4",1664,"11,2"
393,97,"88,9","85,4","80,9","70,3","46,9",35,15,"16,3",1595,"7,43"
394,100,100,99,"95,1",87,"64,9",38,17,"18,14",1570,"8,45"
395,100,100,"99,5",97,86,"61,3",42,17,"17,8",1618,"9,13"
396,"97,9","80,5","60,5",45,40,"25,5",35,13,"8,8",1947,"16,64"
397,"93,9","79,4","70,5","63,5","52,7","35,2",38,13,"15,4",1849,"13,81"
398,100,"99,6","98,9","97,5","85,7","59,1",43,19,"25,3",1510,"7,32"
399,100,100,100,97,"81,3","55,7",42,16,"16,2",1543,"6,14"
400,100,100,"98,8","96,2","83,6","56,8",43,14,"17,7",1640,"7,09"
401,"98,4","89,9","77,2","68,7","56,6",43,40,16,"16,4",1690,"8,28"
402,100,100,100,98,"87,7","65,1",41,17,"21,1",1409,"6,93"
403,"96,5","86,3","74,9","63,9","49,6","34,3",42,16,"15,5",1803,"13,57"
404,"97,9","82,5","60,2","45,9","34,5","21,7",37,15,"14,1",1855,"19,31"
405,100,100,"99,1",98,"89,4",63,42,16,"22,5",1510,"11,14"
406,100,"97,3","91,2","83,9","70,9","39,9",38,15,"14,7",1740,"13,27"
407,100,"99,8","99,4",98,"76,8","49,5",42,17,"24,4",1564,"11,18"
408,100,100,"99,8","98,3","74,2","46,2",39,16,"22,9",1588,"9,54"
409,"98,7","86,5","67,3",48,"38,8","29,7",34,13,"13,8",1873,"15,09"
410,100,100,100,"97,7","92,6","72,3","37,4","15,1","18,9",1707,"13,9"
411,100,100,"98,3",92,"81,7","68,2",39,"16,2",19,1565,"12,1"
412,"93,2","78,1","55,8","44,4","35,5","20,2",30,12,"12,9",1889,"28,3"
413,"94,4","83,8","71,4","58,5","41,9","21,7",35,12,"11,8",1824,"18,42"
414,100,"94,9","88,3","80,5","67,7","47,5",46,18,"14,3",1713,"7,63"
415,100,100,100,"98,1","92,9","77,1",43,16,"19,3",1519,"8,02"
416,100,"98,1","96,9",96,"93,1","88,9",55,23,"31,3",1437,"16,6"
417,100,100,100,"99,9","98,3","94,9",61,24,"33,9",1375,"18,4"
418,100,95,"92,5","90,8","83,4",74,53,21,"30,9",1412,"14,7"
419,100,"99,3","99,2","98,7","95,1","87,9",58,25,"32,5",1347,"14,1"
420,100,"99,2","99,2","99,1","96,5","91,5",57,21,"31,9",1347,"16,8"
421,100,"99,3","98,9","98,4","95,5","90,1",58,28,"32,1",1416,"22,1"
422,100,"98,2","97,7","97,2","92,4","86,6",54,24,"30,5",1422,"16,8"
423,100,100,"99,9","99,5","95,4",89,57,22,"31,9",1411,15
424,100,100,100,"99,7","96,9","91,9",55,24,"31,8",1380,"19,7"
425,100,100,"99,8","99,6","94,7","87,6",54,23,"32,7",1366,"15,5"
426,100,"98,3","98,1","97,5","91,9","85,6",57,27,33,1376,"16,8"
427,1000,"99,8","99,6","99,3","91,8","83,7",54,20,"30,8",1435,"9,3"
428,1000,1000,"99,9","99,7",98,"94,1",57,26,"30,5",1433,"15,9"
429,1000,"99,3","99,2","98,9","96,8","91,8",57,25,"32,2",1410,"19,4"
430,1000,1000,"99,9","99,8","95,6","91,1",56,24,33,1358,"16,2"
431,1000,"99,2","98,8","98,5",95,"88,3",61,30,"34,3",1326,"11,3"
432,100,"96,2","95,6","94,7","90,2","83,9",57,22,"31,3",1375,"13,2"
433,100,"98,9","97,3","95,4","90,7","84,4",58,24,"32,5",1322,"12,2"
434,100,100,"99,9","99,7","85,6","49,7",53,19,"31,7",1428,"17,6"
435,100,99,"98,7","98,1","94,9","90,6",56,22,"32,2",1395,"16,8"
436,100,"98,6","97,5","96,3","92,9","87,4",51,19,"31,9",1369,"15,8"
437,100,98,"97,6",97,94,"90,1",58,24,"33,1",1352,"17,1"
438,100,100,100,"99,7","97,3","92,4",66,26,"32,9",1397,18
439,100,"99,6","99,4","98,8","97,1","92,4",61,29,29,1524,22
440,100,"99,4","98,8","98,1",96,"92,3",61,27,"32,6",1365,"18,1"
441,100,"96,3","93,8","91,8",87,"79,3",54,23,"28,7",1441,"18,1"
442,100,100,"99,9","99,5","97,1",93,60,28,"31,6",1394,"17,4"
443,100,100,"99,9","99,5","97,1",93,61,27,"31,9",1424,"21,7"
444,100,100,"99,6","97,8","95,4","84,1","52,4","11,1",29,1423,"10,3"
445,100,100,100,"99,8","97,1","95,1","60,6","14,6","35,6",1349,"9,4"
446,100,100,"96,3","93,8","90,2","88,2","56,4","9,2","32,7",1385,"10,3"
447,100,100,"97,9","96,3","90,8","86,7","54,1","7,4","31,2",1404,"9,2"
448,100,100,"99,9","99,4",96,"93,4","61,4","11,1","33,4",1327,"11,8"
449,100,100,"96,8","93,1","91,6","84,8","55,3","9,4","29,6",1437,"7,5"
450,100,100,"99,3","97,4","92,8","89,4","58,2","9,9","32,1",1345,"9,1"
451,100,"99,2","98,9","96,2","90,3","86,7","58,3","12,2","33,1",1339,"10,9"
452,100,100,"98,2","96,1","91,3","88,9","54,9","11,9","30,9",1354,"8,2"
453,100,100,"97,3","94,7","91,1","89,2",57,"11,7","31,4",1398,"8,7"
454,100,100,"98,3","96,3","91,2","87,9","58,9","13,5",32,1372,"9,2"
455,100,"98,9","97,1","95,8","90,2","85,1","52,2","10,4","28,7",1415,"11,3"
456,100,"99,8","96,1","90,5","88,5","87,5","41,3","5,9","30,6",1409,"7,2"
457,100,100,"99,6","97,6","95,8","91,9","50,4","10,5","32,6",1390,"9,8"
458,100,"99,2","98,9","96,8","93,4","89,7","47,3","10,9","29,8",1432,9
459,100,100,"99,6","98,1","95,4",91,"51,2",12,"31,5",1383,"10,2"
460,100,"99,3","98,1","96,5","92,2","86,4","46,6","9,9","28,6",1431,"7,8"
461,100,"98,7","97,4",96,"94,1","88,2",44,"8,9","29,4",1466,"8,9"
462,100,"98,9","96,3","94,2","89,5","79,8","42,8","9,4","26,9",1506,"6,3"
463,100,"99,8",98,"95,7","92,6","87,8","48,6","10,1","30,6",1454,"8,2"
464,100,"94,5","92,9","91,9","84,7","78,2","39,7","8,4","24,9",1529,"6,8"
465,100,"98,6","95,6","91,9","88,3","76,5","41,6","9,7","27,6",1499,"6,5"
466,100,"99,2","96,4","94,7","91,8","87,5","48,2","9,9","29,1",1419,"8,5"
467,100,97,"95,2","93,3","92,1","89,3","45,1","7,9","30,2",1473,"7,9"
468,100,"98,2","97,5","91,8","88,1","80,2","42,1","9,3","27,3",1512,"7,1"
469,100,"99,1","98,3","93,9","90,1","88,2","51,4","11,2","32,1",1398,"9,6"
470,100,"99,9",99,"96,4","90,9","84,4","39,9","4,1","28,7",1430,"9,8"
471,100,"98,6","97,1","93,9","90,4","85,9","47,3","10,5","29,6",1489,"7,2"
472,100,"98,9","97,6","95,4","92,7","90,4","50,5","11,4","33,1",1361,"7,5"
473,100,"99,4","97,9","96,2","91,3","86,4","52,6","12,1","32,2",1385,"8,8"
474,100,"97,5","96,2","91,9","87,4","82,6","54,1","12,2","33,8",1343,"10,6"
475,100,"98,1","97,3","95,5","90,3","85,8","49,6","10,2","32,1",1404,"8,3"
476,100,100,"98,5","95,1","90,8","86,3","52,3","12,6","29,6",1428,"7,8"
477,100,"98,2","96,4","91,1","85,1","79,5","48,6","8,9","26,8",1502,"6,8"
478,100,"99,4","97,6","94,1","89,7","83,4","47,8","7,5","28,9",1485,"9,6"
479,100,100,99,"97,5","94,5","89,1","51,8","12,9","30,4",1411,"10,8"
480,100,100,"99,8","97,1","96,4","92,9","59,4","14,1","31,5",1387,"9,2"
481,100,100,100,"98,9","95,4","90,3","51,8","12,3","32,1",1359,"9,9"
482,100,100,"98,8","97,6","93,9","88,5","53,6","12,7","30,2",1465,"8,6"
483,100,100,100,"99,8","98,4","97,3","57,9","15,1","31,5",1362,"8,1"
484,100,100,"99,4","98,9","97,6","93,8","59,6","11,3","30,8",1393,"9,8"
485,100,100,"99,4","97,2","93,1","89,8","50,2","12,6","28,9",1472,"8,3"
486,100,100,100,"98,5","96,1","92,4","53,3","13,8","32,1",1381,"10,1"
487,100,100,"99,2","96,5","94,3","87,8","46,6","7,5","28,9",1463,"7,6"
488,100,100,"98,6","97,4","96,2","91,5","50,8","10,5","30,6",1416,"8,8"
489,100,100,100,"99,7","97,3","92,4",66,26,"32,9",1397,18
490,100,"99,6","99,4","98,8","97,1","92,4",61,29,29,1524,22
491,100,"99,4","98,8","98,1",95,"92,3",61,27,"32,6",1365,"18,1"
492,100,"96,3","93,8","91,8",87,"79,3",54,23,"28,7",1441,"18,1"
493,100,100,"99,9","99,5","97,1",93,60,28,"31,6",1394,"17,4"
494,100,100,"99,9","99,5","97,1",93,61,27,"31,9",1424,"21,7"
495,100,"96,5","93,2","90,4","87,5","81,8","46,3","11,3","29,5",1493,"8,3"
496,100,"98,6","97,2","95,6","90,8","86,4","47,3","9,4","30,9",1422,"7,1"
497,100,"98,7","95,3","92,9","88,7","83,1","44,5","10,9","28,3",1487,"9,3"
498,100,"99,4","96,5","91,8","89,2","81,5","42,1","7,6","29,1",1455,"8,6"
499,100,"99,1","97,6","93,4","87,3","78,6","39,8","7,3","27,4",1509,"8,1"
500,100,100,"98,1","95,4","90,2","85,6","50,2","9,9","31,8",1391,"9,8"
501,100,"98,1","96,4","91,7","86,4","80,5","47,8","10,6","29,5",1438,"8,4"
502,100,100,100,100,"96,8",38,"32,8","6,2",14,1701,"10,9"
503,100,100,100,100,"96,9","74,1","47,6","8,9","22,2",1593,"6,9"
504,100,100,100,100,"95,7","74,3","45,7","11,3","21,4",1616,"6,3"
505,100,"95,6",84,"65,5","53,8","21,8","45,7","11,3","9,5",1949,"34,7"
506,100,100,100,100,"95,8","75,3","43,6","10,6","21,9",1605,"5,6"
507,100,100,100,100,"97,2","85,9","47,4","6,1","22,6",1519,"6,3"
508,100,100,100,100,"96,9","74,1","41,7","13,6",21,1612,"6,3"
509,100,100,100,100,"90,9","55,3","38,7","12,6","14,8",1638,"7,7"
510,100,100,100,100,"93,5","68,7","38,7",16,"16,6",1656,"6,8"
511,100,100,100,100,"88,8","70,4","43,4","15,1",15,1591,"7,2"
512,100,100,100,100,"92,7","78,4","42,6","13,8","22,7",1620,"6,9"
513,100,"95,1","79,5","71,4","60,9","51,3","37,6","12,5","16,3",1731,"13,8"
514,100,"94,2","79,1","7,07","58,9","47,4","34,5","14,1","15,7",1710,"13,7"
515,100,100,100,100,92,"77,7","44,4","10,2","24,5",1607,"6,3"
516,100,100,100,100,"94,7","82,2","43,8","13,6","22,5",1596,"6,8"
517,100,100,100,100,"95,2","74,3","38,8","18,4","17,7",1659,"8,8"
518,100,100,100,100,"93,6","80,3","41,6","13,9","22,3",1605,"7,3"
519,100,100,100,100,"91,8","65,3","39,7","11,5","15,1",1641,"6,6"
520,100,100,100,100,"91,7","77,9","42,8","14,6","22,8",1635,"7,7"
521,100,100,100,100,"94,2","74,8","38,6","16,4","17,3",1665,"7,7"
522,100,100,100,100,"96,2","78,5","39,8","16,4","18,7",1647,"6,9"
523,100,100,100,100,"94,1","74,6","39,7","16,5","16,4",1650,"8,2"
524,100,100,100,100,"92,3","78,3","41,7","19,9","22,3",1625,"6,9"
525,100,100,100,100,"93,7","80,9","46,7","10,5","24,3",1561,"5,7"
526,100,100,100,100,"93,1","78,4","42,7","11,3","22,3",1618,"6,4"
527,100,100,100,100,92,"83,4","45,4","8,7","22,3",1547,"4,7"
528,100,100,100,100,"97,1","86,8","46,6","10,4","23,2",1561,"5,9"
529,100,100,100,100,"92,7","79,3","42,9","16,1","21,9",1602,"6,1"
530,100,100,100,100,"94,3","75,8","38,7","16,7","16,8",1674,"7,6"
531,100,100,100,100,"91,5","78,4","42,4","15,2","22,8",1629,7
532,100,100,100,100,"95,1","74,2","40,6","16,4","15,5",1673,"8,9"
533,100,100,100,100,"95,1","76,7","37,7",17,"16,3",1643,"6,8"
534,100,100,100,100,"94,9","73,7",38,17,"17,8",1664,9
535,100,100,100,100,92,"77,6","40,6","14,3","22,3",1640,"7,3"
536,100,100,100,100,"94,4",75,"39,6","16,7","15,1",1668,"7,7"
537,100,100,100,100,"97,6","87,4","43,9","13,6","21,7",1537,5
538,100,100,100,100,"95,5","87,1","43,5",11,"23,7",1593,"4,5"
539,100,100,100,100,"92,5","78,9","42,7","13,2","21,2",1618,"6,9"
540,100,100,100,100,"96,6","87,4","45,7",15,23,1571,"4,4"
541,100,"84,8","61,9","43,7",36,"31,5","38,5","12,5","17,1",1831,"14,7"
542,100,"95,8","80,1","66,6","50,9","44,4","36,9","8,7","15,6",1870,"19,5"
543,100,100,100,100,"93,7",48,"33,7","13,3",15,1739,"7,1"
544,100,82,"64,9","49,9","37,1","31,4","32,7","8,2","12,8",1905,"24,8"
545,100,100,100,100,"94,8","79,5","44,7","13,6","21,1",1607,"7,5"
546,100,100,"86,7","78,4",69,"61,4","42,6","13,9","19,3",1702,"14,6"
547,100,100,"88,9","81,2","71,1","64,4","42,4","13,4","20,9",1644,"9,5"
548,100,100,100,100,"93,4","76,8","39,6","16,7","18,6",1675,"7,1"
549,100,100,100,100,"93,8","77,5","40,4","16,8","19,6",1673,"7,1"
550,100,100,100,100,"94,3","76,7",38,"16,6","18,1",1672,"7,8"
551,100,100,100,100,"94,1","77,3","39,8","17,4","18,6",1644,"7,9"
552,100,100,100,100,"94,7","25,1","41,5","17,6","17,9",1653,"7,6"
553,100,100,100,100,"97,5","38,8","37,9","13,5",14,1702,"10,8"
554,100,100,100,100,"96,6","40,9","39,7",14,"15,4",1733,"11,3"
555,100,100,100,100,"94,7","65,5","35,9","13,5","14,8",1707,"11,3"
556,100,100,100,100,"93,8","64,1",38,"13,9","14,8",1726,"12,1"
557,100,100,100,100,"96,5","37,8","37,5","13,3","14,6",1783,"11,7"
558,100,100,100,100,"95,8",41,"39,4","15,4",14,1625,"9,1"
559,100,100,100,100,"95,8","81,4","41,6","14,4","19,1",1605,"6,6"
560,100,98,"88,5","69,2","59,2","29,5","33,5","10,7","11,8",1976,"22,5"
561,100,100,100,100,"94,7","78,4","40,9","16,8","20,1",1689,7
562,100,100,100,100,"95,5","78,4","42,5","16,4","20,2",1666,"6,5"
563,100,"95,1","82,5","71,6","57,9","48,1","36,8","13,2","14,2",1842,"18,5"
564,100,"94,4","82,6","71,5",56,"47,2","33,5","11,3",14,1865,"18,5"
565,100,100,100,100,"96,5","80,7","42,7","18,5","18,1",1656,"6,1"
566,100,"96,2","81,8","69,4","54,3","46,2","40,9","16,6","14,7",1766,"18,2"
567,100,100,100,100,"96,4",79,"39,7","17,3","18,5",1679,"8,2"
568,100,100,100,100,"94,8","77,8","40,9","16,8","17,3",1662,"8,6"
569,100,100,100,100,"95,2","77,8","38,6","17,6","18,6",1667,"8,5"
570,100,100,100,100,95,"77,9","40,5","15,9","19,5",1672,"8,1"
571,100,100,100,100,"95,5","78,4","40,7","16,7","19,9",1661,"8,1"
572,100,100,100,100,"95,4",78,"39,9","16,8","18,3",1642,"8,6"
573,100,100,100,100,"95,6","78,6","38,7","17,1","17,6",1647,8
574,100,100,100,100,"94,4",77,"40,6","16,6","17,8",1656,"9,3"
575,100,"96,6","82,4","69,2","54,9","47,7","38,7","16,3","14,2",1877,21
576,100,100,100,100,"97,2","85,9","41,6","11,9","22,4",1589,"4,7"
577,100,100,100,100,"93,7",78,"39,7","16,9","17,9",1676,"8,1"
578,100,100,100,100,"96,4","83,9","45,8","13,7","21,5",1604,"5,6"
579,100,100,"88,4","80,8","73,5","51,9","37,6","13,7","15,9",1682,"9,9"
580,100,100,"89,1","81,9","76,1","54,6","36,6","13,6","15,6",1667,"9,4"
581,100,100,"90,2","82,9","74,3",54,"36,2",14,"15,4",1674,"9,6"
582,100,100,"86,3","77,9","68,9","49,9","37,6","13,6","15,3",1705,"10,6"
583,100,100,"89,1","81,7","73,1","53,1","36,7","14,3","16,4",1678,"9,5"
584,"89,8","60,8","32,6","22,2","16,7",14,"24,8","4,7","10,3",2091,"46,6"
585,"88,7","59,9","32,2","21,3","16,5","13,8","24,8","5,1","9,6",2090,"48,5"
586,"88,5","58,3","30,5",21,"16,2","13,6","24,6","5,3","9,7",2108,"46,7"
587,"89,1","59,7","31,2","21,1","15,5","13,1","24,6","4,6","10,5",2080,"44,8"
588,"89,1","59,3",31,"20,7","15,9","13,7","23,9","5,6","9,5",2141,"49,1"
589,"85,5","59,3","31,7",22,17,"14,5","23,7","5,3","9,9",2091,"48,8"
590,"88,6","59,9","31,8",22,"16,7","14,1","24,4","4,3",10,2110,"47,2"
591,"89,6","60,9","32,7","22,3","16,8","13,7","23,5","4,6","9,9",2107,"48,7"
592,"88,4","57,9",31,"21,2","16,1","13,8","23,8","4,9","9,9",2112,"48,7"
593,"88,4","57,8",31,"21,1",16,"13,7","23,5","4,1","9,7",2125,"50,3"
594,"88,4","57,8","30,8","20,9",16,"13,7","23,1","4,2","9,6",2120,"52,2"
595,"88,3","57,7","30,6","20,7","15,6","13,4","22,9","3,8","9,6",2142,53
596,"88,3","57,8","30,8",21,16,"13,6","22,8","3,9","9,6",2178,"54,9"
597,"88,4",58,"30,9",21,16,"13,8",23,"3,7","10,2",2110,"52,2"
598,"88,4","58,2","31,1","21,2","16,2","13,8","23,2","3,1","9,6",2198,"52,7"
599,"89,8","60,8","32,6","22,2","16,7",14,"22,8","4,5","9,1",2551,83
600,"88,7","59,9","32,2","21,3","16,5","13,8","23,8","4,1","10,5",2175,"85,6"
601,"88,5","58,3","30,5",21,"16,2","13,6","24,6","5,3","9,4",2168,"86,9"
602,"89,1","59,7","31,2","21,1","15,5","13,1","24,6","4,6","8,9",2170,"88,3"
603,"89,1","59,3",31,"20,7","15,9","13,7","23,9","5,6","9,5",2162,"84,6"
604,"88,5","59,3","31,7",22,17,"14,5","23,7","5,3","9,7",2149,"85,1"
605,"88,6","59,9","31,8",22,"16,7","14,1","24,4","4,3","9,9",2127,"85,2"
606,"89,6","60,9","32,7","22,3","16,8","13,7","23,5","4,6","10,3",2185,"87,3"
607,"88,4","57,9",31,"21,2","16,1","13,8","23,8","4,9","10,6",2170,"87,4"
608,"88,4","57,8",31,"21,1",16,"13,7","23,5","4,1","10,5",2183,"90,6"
609,"88,4","57,8","30,8","20,9",16,"13,7","23,1","4,2","10,5",2255,"90,1"
610,"88,3","57,7","30,6","20,7","15,6","13,4","22,9","3,8","10,1",2092,"87,9"
611,"88,3","57,8","30,8",21,16,"13,6","22,8","3,9","10,6",2187,"86,4"
612,"88,4",58,"30,9",21,16,"13,8",23,"3,7","10,7",2246,"88,5"
613,"88,4","58,2","31,1","21,2","16,2","13,8","23,2","3,1","10,1",2239,"88,6"
614,100,100,100,100,"93,71","55,27","28,07","8,31","13,6",1610,"8,2"
615,100,100,100,100,"94,1","56,29","30,46","9,45","15,6",1582,"7,78"
616,100,100,100,100,"95,83","60,4","29,61",11,"16,3",1607,"9,42"
617,100,100,100,100,"95,74","61,63","31,16","10,99","17,6",1599,"9,79"
618,100,100,100,100,"94,82","59,07","32,46","12,43",16,1659,"8,05"
619,100,100,100,100,"95,22","53,33","27,74","9,99",16,1591,"9,2"
620,100,100,100,100,"95,33","54,51","29,18","10,31","17,1",1628,"9,45"
621,100,"73,7","56,5",47,"43,9",25,"29,3","9,1","8,5",1376,"34,8"
622,100,"76,1","59,9","49,3","45,5","23,7","30,8","10,3","8,1",1443,"38,4"
623,100,100,"98,9","96,5","90,8","68,3",32,13,12,1707,"3,2"
624,100,100,100,"91,8","54,7","31,2",34,20,"16,4",1645,"5,4"
625,100,100,100,"99,4","95,4","85,4",65,18,"32,4",1375,10
626,100,100,100,"99,6","97,3","89,9",54,18,"27,6",1496,"12,4"
627,100,100,100,"99,4","96,4",89,36,12,"26,8",1523,"9,4"
628,100,100,100,"99,4","92,4","80,9",54,17,"24,9",1565,"11,8"
629,100,100,100,"98,4","91,4","76,2",44,18,"22,7",1551,"10,9"
630,100,100,"99,8",97,"99,6","69,9",36,12,"21,7",1598,"5,6"
631,100,100,100,100,"99,6","69,9",36,12,"22,2",1512,"11,2"
632,100,100,"99,8","97,8","91,5","43,8",25,10,"16,2",1734,"10,4"
633,100,100,100,"99,7","98,8","43,9",41,10,"19,4",1580,"9,9"
634,100,100,100,"99,7","98,6","95,5",51,23,"29,1",1460,12
635,100,100,"99,4","95,7","85,9","65,8",44,12,"22,6",1608,16
636,100,100,100,"99,8","99,1","94,8",59,24,27,1443,"8,4"
637,100,100,100,"99,9","98,8","73,2",38,16,"18,6",1614,"18,4"
638,100,100,"99,1","93,8",81,"38,8",26,10,"16,2",1746,"9,4"
639,100,100,100,"99,6","95,2","79,5",51,12,"28,3",1507,"7,2"
640,100,100,100,"99,9","98,9",72,45,15,"20,8",1586,"7,3"
641,100,100,100,"99,5","98,3","77,3",46,22,"25,8",1494,"12,6"
642,100,100,100,"99,9","99,7","97,8",54,13,"27,8",1411,"10,6"
643,100,100,"99,9","98,8",95,"83,5",48,18,"26,9",1465,"12,3"
644,100,100,100,"99,9",98,"91,5",51,10,"26,8",1322,7
645,100,100,100,"99,7","98,2","76,8",45,12,"22,3",1503,18
646,100,100,100,"99,8","98,4","88,4",51,12,"25,2",1402,"14,6"
647,100,100,100,100,99,92,68,33,"29,1",1289,"6,2"
648,100,100,100,"99,9","99,9","93,6",52,16,"29,8",1370,"7,9"
649,100,100,100,"99,8",98,"90,1",63,14,"33,2",1288,"6,7"
650,100,100,"99,6","94,6","91,2","86,8",53,18,"29,3",1452,17
651,100,100,"99,8","99,6","99,6","98,2",57,20,"31,9",1353,"12,5"
652,100,100,"99,2","87,7","54,7","40,3",32,5,"14,6",1690,"5,1"
653,100,"98,4",93,88,"63,9","51,8",46,17,18,1677,"11,8"
654,100,100,100,"99,7","98,5","96,2",63,28,"26,7",1369,"14,2"
655,100,100,"99,7","99,4","99,4",96,66,21,"28,5",1286,"9,9"
656,100,100,"99,9","99,2","98,1","95,8",60,18,"32,7",1371,13
657,100,100,100,"99,8","98,9","92,9",53,18,"30,6",1380,"17,3"
658,100,100,100,"98,8","93,3",84,54,15,"32,9",1408,"22,2"
659,100,"94,4","81,6","76,7","66,7","59,8",49,13,"17,4",1445,"2,9"
660,100,100,"99,9","99,3",98,"89,7",49,22,"27,3",1470,"18,8"
661,100,"99,7","98,4","97,8","96,8",95,76,24,"29,3",1364,"8,3"
662,100,100,"99,9","99,5","98,6","96,3",63,27,"34,4",1322,"14,5"
663,100,100,100,"99,8",99,"94,7",70,24,"32,6",1286,"7,3"
664,100,100,100,"99,9","99,4","99,2",81,28,38,1225,"11,5"
665,100,100,100,100,"99,4","95,7",71,23,"36,2",1240,"14,3"
666,100,100,100,"99,9","98,6","96,4",76,28,31,1392,"9,3"
667,100,100,100,"99,2","97,5","91,8",56,16,"29,1",1384,"15,7"
668,100,100,"98,6","95,2","83,8","67,9",45,14,"27,5",1452,"11,3"
669,100,100,100,"99,5","97,8","91,3",54,19,"29,7",1409,"15,3"
670,100,100,100,100,"99,7","93,9",56,20,37,1316,"11,1"
671,100,"99,9","99,6","95,2","83,9","70,8",52,13,"28,3",1507,"7,6"
672,100,100,100,100,98,"87,6",52,14,31,1417,"9,2"
673,100,100,100,"97,6","91,8","80,4",44,11,"21,4",1586,"16,9"
674,100,100,100,"98,2","95,3","87,8",50,7,"27,1",1526,"29,8"
675,100,100,"99,5","96,3",86,"74,1",48,14,"27,5",1534,"8,7"
676,100,100,100,"99,7","97,1","85,7",60,27,"22,2",1584,"6,1"
677,100,100,100,"99,7","98,8","88,7",58,21,"28,9",1533,"17,3"
678,100,100,100,"99,9","99,5","95,5",64,11,"35,7",1294,"19,7"
679,100,100,100,"99,3","93,9","80,5",46,15,"25,2",1618,"25,8"
680,100,100,100,"99,2","96,6","84,6",50,16,"24,8",1582,"19,2"
681,100,100,100,"99,9","99,6",88,58,15,"29,2",1474,"16,7"
682,100,"99,87","99,68","98,52","73,75","35,99","31,1","14,4","14,7",1806,"11,5"
683,100,"99,7","99,28","98,12",71,"35,2",31,"22,2","14,9",1780,"18,5"
684,100,100,"99,85","99,57","90,12","60,48","25,3","15,6",16,1796,13
685,100,"99,72","99,58","99,88","96,26","36,18","18,8","3,7",13,1913,"15,5"
686,100,"99,91","99,75","99,33","87,64","38,2","26,5","17,8","15,7",1734,"14,8"
687,100,100,"99,65","99,07","97,83","47,17",34,"15,2",18,1683,"20,4"
688,100,100,"99,79","98,93","92,77","42,74","23,6","11,4","15,4",1791,"13,7"
689,100,"99,59","98,41","96,98","69,76","34,7","29,4","23,6","21,3",1643,"11,4"
690,100,100,"99,93","99,74","93,31","42,43","32,1","25,6","22,1",1585,"10,8"
691,100,"99,24","98,46","97,57","63,7","38,38","47,4","36,9","30,2",1431,"21,5"
692,100,"99,13","96,76","92,72","62,8","36,15","48,2","37,6",30,1435,"11,3"
693,100,"98,02","94,77","90,38","64,51","34,54","39,5","26,4","24,5",1654,"17,9"
694,100,"96,57","92,38","87,32","60,64","31,55","47,8","37,4","25,6",1558,"11,5"
695,100,100,"99,83","99,8","76,88","52,79","35,2","22,4","5,6",1699,"18,1"
696,100,100,"99,92","99,91","99,39","35,54","25,1","11,4","11,2",1875,"22,3"
697,100,100,"99,83","99,8","97,62","52,66","34,9","22,5","10,2",1904,"51,5"
698,100,100,"99,92","99,91","99,43","36,41",25,"12,6","11,7",2138,"63,4"
699,100,100,"99,92","99,91","99,45","37,16","24,8","12,3","9,5",2133,73
700,100,100,100,100,"99,8","26,6",21,9,"9,3",2016,24
701,100,100,100,100,"98,8","23,4",19,7,"9,8",2013,"28,7"
702,100,100,100,100,"99,6","26,9",23,9,"11,6",1870,"14,1"
703,100,100,100,100,"99,7","33,2",24,12,"9,2",2012,"22,1"
704,100,100,100,100,"99,9","25,3",21,7,"11,9",1913,"12,8"
705,100,100,100,100,"99,8","26,8",23,10,"11,2",1842,"10,7"
706,100,100,100,100,"98,8","24,2",20,9,"9,4",1983,"11,3"
707,100,100,100,100,"99,3","21,8",18,5,"8,8",2027,"28,6"
708,100,100,100,100,"98,5","19,6",21,10,"10,7",1869,"11,5"
709,100,100,100,100,"99,6","20,8",19,6,"8,6",1991,29
710,100,100,100,100,"98,1","22,9",19,11,"89,9",2035,"39,6"
711,100,100,100,100,"99,6","27,6",21,8,"9,3",2012,"36,1"
712,100,100,100,100,"99,9","34,6",25,13,30,1499,"15,2"
713,100,100,100,100,"99,7","21,3",17,4,"9,4",1988,"31,1"
714,100,100,100,100,"99,9","30,8",21,5,"10,5",1998,"44,2"
715,100,100,100,100,"99,7","23,7",20,5,"9,6",2054,"38,8"
716,100,100,100,100,"99,4","25,2",22,12,"11,8",1877,"13,4"
717,100,100,100,100,"99,6","27,5",25,13,10,1986,"39,9"
718,100,100,100,100,"99,9","24,8",20,5,"11,7",1893,"12,7"
719,100,100,100,100,"99,1","24,5",21,9,"9,4",2004,"34,1"
720,100,100,100,100,"99,5","21,6",18,4,"10,9",1869,"11,6"
721,100,100,100,100,"99,8","22,7",21,8,"9,7",1979,"45,1"
722,100,100,100,100,"99,6","21,1",18,5,"8,3",2033,"43,3"
723,100,100,"99,9","99,9","99,4",23,23,11,"8,5",2188,40
724,100,100,100,100,"99,1","25,8",18,3,"8,2",1993,"44,6"
725,100,100,100,100,"98,4","26,1",22,11,"10,9",1912,17
726,100,100,100,100,"99,1","25,5",22,7,12,1896,"19,3"
727,100,100,100,100,"99,9","26,6",25,11,"9,7",2005,"46,5"
728,100,100,100,100,"99,7","26,1",20,4,"9,5",2033,11
729,100,100,100,100,"98,1","22,9",19,11,"9,2",2017,"11,2"
730,100,100,100,"99,9","98,9","94,6",77,30,"38,2",1312,"7,2"
731,100,100,"99,9","99,5",97,"87,9",60,23,"30,1",1396,"10,2"
732,100,100,100,"99,9","97,5","83,1",49,20,"27,4",1502,"1,9"
733,100,100,100,"97,9","78,4",69,57,22,"26,3",1530,"2,1"
734,100,"99,9","99,3","97,7","81,4","56,5",42,13,"23,2",1570,5
735,100,"92,8","81,3","59,1","29,4","19,8",38,14,"11,5",1910,38
736,99,"93,4","88,8","77,7","43,8","24,8",39,12,"14,6",1840,"34,2"
737,100,"99,5","94,8","81,8","52,3","70,3",38,14,"13,7",1861,"18,8"
738,"96,5","75,3","66,5","53,9","18,6","8,7",24,7,"12,1",1784,"43,1"
739,100,100,"99,9","96,8","68,5","50,3",48,18,"19,7",1652,"18,8"
740,100,100,"99,8",99,"81,6","70,3",57,21,"26,3",1490,11
741,100,100,"99,9","99,7","91,4","82,9",65,27,"29,9",1449,"7,3"
742,100,"99,9","98,3","96,5","85,4",69,54,20,24,1541,"22,2"
743,100,100,100,"99,9",92,"81,1",62,25,"30,2",1408,"12,3"
744,100,100,100,"98,3",34,"19,5",43,19,"14,9",1821,"12,1"
745,100,100,100,"99,9","91,7","74,9",50,16,"26,1",1488,"11,2"
746,100,100,100,"99,9","88,6","66,6",43,14,"23,6",1545,"11,1"
747,100,100,100,"99,7","90,5","75,1",46,14,"27,3",1462,"16,8"
748,100,100,100,"99,6",91,75,46,15,"27,3",1490,"9,7"
749,100,100,100,"99,8","95,7","86,4",57,21,"32,8",1395,"7,5"
750,100,100,100,"99,6","94,9","85,1",51,20,"29,6",1439,"8,2"
751,100,100,100,"98,4","87,6","72,6",45,16,"29,3",1396,"14,1"