No. da Amostra,25.4mm,9.5mm,4.8mm,2.0mm,0.42mm,0.076mm,LL,IP,Umidade Ótima,Densidade máxima,CBR
1,100.0,100.0,98.36,94.38,86.11,67.76,28.3,10.8,22.68,1639,9.3
2,100.0,100.0,98.42,94.66,85.89,67.68,26.8,14.9,22.54,1642,8.9
3,100.0,100.0,98.06,94.59,86.27,67.79,27.6,16.8,22.82,1621,10.2
4,100.0,100.0,98.2,94.53,85.77,70.19,29.8,16.8,22.74,1637,10.4
5,100.0,99.56,97.75,93.71,85.01,69.02,35.2,16.7,22.65,1642,9.4
6,100.0,99.52,97.73,93.82,84.65,65.03,27.8,13.6,22.46,1635,7.9
7,100.0,100.0,98.21,94.49,85.73,69.73,37.1,16.6,22.48,1637,10.4
8,100.0,99.56,97.85,93.83,86.93,68.56,33.5,17.9,22.52,1642,10.4
9,100.0,99.58,97.93,93.88,85.12,69.67,38.0,14.9,21.47,1632,9.6
10,100.0,99.52,97.38,93.6,84.42,67.13,36.3,16.7,22.12,1646,9.4
11,100.0,99.42,97.72,93.99,85.72,70.68,28.7,14.1,22.48,1637,8.7
12,100.0,99.53,98.34,94.93,86.61,70.17,25.5,12.7,21.94,1630,10.0
13,100.0,100.0,98.25,94.69,84.47,66.52,38.2,11.7,22.57,1637,11.3
14,100.0,99.48,97.83,93.94,85.24,67.37,37.7,15.6,22.48,1642,10.8
15,100.0,99.58,97.84,94.07,85.37,66.64,27.8,15.4,22.82,1629,10.1
16,100.0,99.43,97.49,94.04,86.26,70.51,31.7,13.9,21.2,1636,10.9
17,100.0,99.57,97.71,94.29,85.99,70.45,26.7,15.4,21.55,1633,10.2
18,100.0,99.52,97.88,94.56,85.73,69.27,33.4,12.9,21.75,1629,11.3
19,100.0,99.53,97.88,94.51,84.76,67.21,36.9,9.1,22.1,1635,10.5
20,100.0,99.52,97.84,94.28,83.07,65.07,32.4,13.9,21.74,1636,10.9
21,100.0,99.52,97.76,93.88,84.65,66.84,28.3,11.3,22.62,1639,11.4
22,100.0,99.42,97.72,93.9,85.6,69.68,31.4,14.1,21.76,1636,11.5
23,100.0,99.37,97.67,93.95,84.75,66.93,27.2,4.5,22.47,1641,10.9
24,100.0,100.0,100.0,99.2,90.5,71.4,42.3,13.4,22.8,1628,14.7
25,100.0,100.0,100.0,99.5,88.0,67.4,42.2,13.7,22.9,1636,13.7
26,100.0,100.0,100.0,98.8,88.2,70.0,43.5,13.6,23.0,1634,15.1
27,100.0,100.0,100.0,98.8,87.2,66.1,43.9,14.0,22.8,1640,14.5
28,100.0,100.0,100.0,98.8,88.9,66.0,43.2,13.0,23.6,1623,13.8
29,100.0,100.0,100.0,99.4,88.9,67.7,43.8,13.8,23.3,1630,14.7
30,100.0,100.0,100.0,99.1,86.4,64.0,43.2,13.5,23.6,1614,13.4
31,100.0,100.0,100.0,93.3,89.3,65.0,42.0,13.6,23.2,1622,14.0
32,100.0,100.0,100.0,97.3,87.6,63.6,44.4,14.4,23.7,1572,15.5
33,100.0,100.0,100.0,97.5,87.0,64.3,43.2,14.1,24.0,1567,14.2
34,100.0,100.0,100.0,100.0,77.0,37.78,40.0,12.0,22.1,1440,7.4
35,100.0,100.0,100.0,100.0,77.91,36.31,39.0,13.0,22.1,1435,7.7
36,100.0,100.0,100.0,100.0,77.97,40.26,39.0,15.0,22.9,1449,7.2
37,100.0,100.0,100.0,100.0,77.97,37.61,37.0,13.0,22.0,1445,7.1
38,100.0,100.0,98.89,95.57,85.65,62.19,39.0,12.0,22.4,1555,11.0
39,100.0,100.0,98.89,95.39,85.45,61.28,40.0,14.0,22.7,1552,14.5
40,100.0,100.0,98.97,95.53,86.93,62.07,39.0,12.0,22.2,1528,12.7
41,100.0,100.0,99.11,95.51,87.9,62.63,39.0,12.0,22.3,1526,12.7
42,100.0,100.0,100.0,100.0,77.72,40.4,38.0,12.0,22.5,1457,7.7
43,100.0,100.0,100.0,100.0,78.0,41.68,39.0,13.0,22.8,1409,7.4
44,100.0,100.0,100.0,100.0,75.83,36.3,39.0,10.0,22.5,1475,9.9
45,100.0,100.0,100.0,99.9,95.7,91.4,59.0,21.0,30.3,1463,6.7
46,100.0,100.0,100.0,99.9,96.9,91.9,60.0,22.0,31.4,1452,8.4
47,100.0,100.0,99.9,99.9,97.9,93.3,54.0,16.0,28.6,1462,13.3
48,100.0,100.0,99.9,99.8,98.2,95.3,54.0,16.0,31.4,1448,4.4
49,100.0,100.0,100.0,99.8,96.6,92.2,53.0,15.0,30.2,1449,7.7
50,100.0,100.0,100.0,99.9,95.5,91.0,54.0,16.0,30.9,1459,5.4
51,100.0,100.0,99.8,98.4,95.0,90.7,50.0,12.0,28.1,1510,6.9
52,99.9,99.9,99.9,99.4,96.2,91.9,52.0,18.0,29.4,1447,6.0
53,99.9,99.9,100.0,99.8,96.7,92.1,57.0,22.0,28.8,1469,7.3
54,99.9,99.9,100.0,99.9,96.3,92.0,58.0,20.0,30.3,1458,8.7
55,99.9,99.9,99.9,99.4,96.1,93.0,54.0,22.0,28.1,1491,6.7
56,99.9,99.9,100.0,99.9,97.2,93.7,57.0,22.0,30.7,1438,7.3
57,99.9,99.9,100.0,99.8,97.7,90.0,55.0,18.0,30.1,1426,8.8
58,99.9,99.9,100.0,99.8,97.4,90.9,55.0,20.0,29.0,1477,9.7
59,100.0,100.0,100.0,99.9,98.1,93.0,55.0,19.0,29.8,1442,11.3
60,100.0,100.0,100.0,99.9,97.7,94.7,56.0,20.0,29.3,1450,10.6
61,100.0,100.0,99.9,99.7,95.5,90.6,56.0,22.0,29.6,1482,7.6
62,96.7,81.3,58.1,45.2,31.3,20.8,35.0,8.0,10.4,1990,45.7
63,99.5,91.2,65.8,50.7,37.5,21.51,33.0,8.0,11.0,1940,42.3
64,99.9,92.5,76.2,62.1,49.5,33.2,37.0,11.0,12.0,1942,40.5
65,98.8,84.7,61.1,42.3,28.6,18.7,36.0,9.0,10.1,1940,40.5
66,99.6,92.6,56.4,34.0,30.9,21.9,34.0,8.0,11.0,1935,45.2
67,99.2,92.5,71.4,49.2,32.7,22.5,34.0,8.0,12.0,1978,43.8
68,97.4,91.3,70.7,53.6,48.4,33.2,30.0,10.0,11.7,1933,40.3
69,97.7,88.4,73.0,61.9,42.7,25.5,34.0,8.0,10.0,1950,39.2
70,99.6,89.6,60.8,41.5,28.9,19.3,34.0,7.0,10.8,1925,43.3
71,98.6,90.2,66.2,46.6,32.4,10.3,33.0,5.0,10.0,1980,31.9
72,98.6,85.3,62.3,43.2,37.6,25.1,35.0,10.0,14.0,1960,36.6
73,98.6,86.2,62.7,47.4,34.7,23.4,34.0,9.0,11.2,1940,30.8
74,98.0,91.8,72.3,54.8,40.9,25.8,32.0,8.0,12.1,1962,33.0
75,99.5,91.0,67.5,49.1,37.7,31.8,35.0,9.0,14.0,1940,28.6
76,98.2,91.4,69.2,51.1,41.4,28.5,35.0,10.0,9.2,1960,30.8
77,99.3,90.4,64.2,42.2,30.7,20.2,36.0,10.0,11.9,1990,40.5
78,98.0,89.8,67.0,55.4,47.0,27.1,35.0,9.0,10.0,2000,10.2
79,98.2,87.7,69.8,57.0,47.2,27.4,35.0,9.0,10.5,2040,38.1
80,99.8,93.4,67.2,48.4,39.6,24.4,35.0,9.0,8.4,1970,35.3
81,99.9,90.8,66.2,41.2,34.3,23.8,34.0,8.0,8.8,1935,36.6
82,98.7,88.1,60.6,44.3,31.7,19.7,37.0,8.0,9.6,1950,35.0
83,100.0,99.6,95.9,87.89,78.0,44.0,37.0,10.0,9.0,1947,33.7
84,99.2,74.0,58.3,43.3,33.1,24.0,32.0,8.0,11.4,1920,43.3
85,98.7,89.9,72.2,60.9,51.2,33.6,35.0,11.0,12.8,1920,43.3
86,98.8,93.2,80.8,69.0,51.2,28.6,33.0,9.0,11.4,1940,43.7
87,99.6,92.6,56.4,34.0,30.9,21.1,37.0,10.0,9.0,1970,44.1
88,98.3,93.1,72.8,56.0,50.2,34.1,35.0,11.0,11.2,1960,38.8
89,99.0,90.7,74.5,63.4,43.5,27.7,34.0,8.0,10.0,1900,31.7
90,99.5,92.6,84.3,76.5,65.7,49.4,36.0,8.0,14.2,1835,35.9
91,98.6,93.2,79.6,67.0,44.4,26.0,33.0,9.0,8.0,1931,31.6
92,88.1,70.4,51.21,48.8,37.2,21.0,35.0,8.0,11.8,1940,32.1
93,99.0,90.4,66.5,51.8,38.9,30.36,37.0,9.0,10.0,1970,31.4
94,100.0,95.5,77.2,66.2,55.2,37.9,35.0,7.0,13.8,1900,20.5
95,98.1,81.0,58.0,45.0,31.1,21.8,35.0,9.0,9.2,1995,33.7
96,99.4,92.9,69.7,52.0,39.4,26.3,34.0,10.0,12.0,1950,31.6
97,99.7,93.9,73.1,59.0,50.7,27.6,34.0,9.0,9.2,1980,33.7
98,98.0,87.4,68.0,56.5,46.6,27.9,35.0,9.0,10.8,1980,35.2
99,92.4,69.2,55.4,49.2,36.1,18.5,37.0,8.0,13.6,1980,36.6
100,99.5,89.6,59.4,36.4,29.5,19.67,34.0,8.0,12.2,1940,36.6
101,90.0,64.84,49.9,38.92,29.34,15.68,32.0,10.0,8.6,2025,60.45
102,94.6,60.7,48.5,39.5,32.6,22.1,32.0,11.0,8.6,2005,45.32
103,96.2,81.1,63.4,50.8,38.8,22.3,33.0,11.0,10.1,2064,57.79
104,94.2,79.1,68.0,55.3,41.3,26.1,35.0,13.0,8.9,2133,49.92
105,91.4,71.6,61.5,56.0,37.1,19.8,32.0,7.0,9.7,2096,39.52
106,88.4,67.9,54.0,40.0,32.4,25.9,32.0,32.0,7.1,2151,54.53
107,91.6,65.8,53.4,37.8,31.5,24.5,30.0,30.0,7.2,2143,57.58
108,92.1,66.5,55.1,38.5,31.5,25.0,32.0,32.0,7.0,2165,60.02
109,97.3,79.1,63.6,48.5,41.4,33.6,40.0,14.0,10.2,2036,58.9
110,98.4,85.5,59.9,39.5,33.0,25.8,33.0,12.0,11.7,2090,54.26
111,95.0,69.0,52.6,34.5,27.7,19.7,30.1,8.9,6.1,2116,85.8
112,91.3,67.1,58.4,41.2,29.7,23.1,29.0,10.0,7.2,2120,115.77
113,94.6,77.6,64.5,54.7,36.0,15.6,28.0,9.0,8.0,2115,82.53
114,92.5,87.2,75.2,62.1,40.9,23.4,27.0,8.0,7.4,2093,45.16
115,91.06,57.58,46.41,37.09,29.26,15.49,30.0,9.0,8.2,2047,27.04
116,92.7,67.6,57.7,49.6,42.0,28.9,34.0,14.0,10.6,1935,21.98
117,88.6,68.9,58.0,48.9,38.0,21.7,33.0,11.0,9.0,1983,24.0
118,92.4,72.9,61.2,52.2,41.42,25.8,35.0,12.0,11.8,1853,42.02
119,88.8,68.6,53.7,40.2,33.1,27.0,33.0,12.0,9.9,2008,39.82
120,97.9,82.6,62.3,46.6,41.3,26.0,31.0,11.0,10.9,2064,38.31
121,94.9,77.5,61.6,48.3,41.0,27.6,34.0,12.0,10.9,2036,40.83
122,96.7,77.8,62.0,51.3,45.4,37.0,36.0,13.0,11.3,1790,37.51
123,100.0,100.0,98.0,93.6,75.2,49.6,40.0,15.0,14.5,1688,12.78
124,96.0,74.7,54.2,41.2,30.2,17.6,31.0,12.0,12.0,1937,31.62
125,96.0,79.3,68.1,52.4,41.0,23.6,29.0,9.0,8.9,2035,74.42
126,96.0,81.0,62.0,43.1,28.8,16.6,38.0,14.0,10.0,2046,24.71
127,97.9,83.7,55.6,40.5,30.4,20.7,41.0,15.0,12.5,1931,43.91
128,92.7,74.0,58.8,43.5,31.9,18.7,30.0,9.0,13.3,1931,22.88
129,97.7,85.1,69.8,53.4,41.1,23.2,33.0,11.0,10.6,1979,20.32
130,98.9,86.3,63.3,43.3,36.0,27.6,34.0,13.0,12.1,1938,26.31
131,98.0,88.2,70.1,42.2,33.5,26.1,33.0,12.5,9.6,1996,33.6
132,93.8,69.2,51.3,35.0,28.5,20.5,29.6,8.4,10.5,1994,33.1
133,93.7,91.3,66.8,53.9,36.8,16.9,29.0,11.0,8.4,2035,41.62
134,92.2,80.0,67.7,53.4,35.3,15.7,35.0,12.0,8.7,2029,45.18
135,93.0,81.7,68.9,55.0,36.9,17.3,29.0,11.0,7.6,2081,49.5
136,100.0,100.0,100.0,97.1,92.4,76.1,41.0,16.0,17.0,1592,13.22
137,100.0,100.0,98.97,95.57,83.62,51.61,38.0,16.0,16.3,1603,8.29
138,100.0,99.5,99.3,98.4,94.3,52.1,37.0,17.0,16.1,1762,15.85
139,100.0,100.0,99.5,98.5,93.1,50.2,37.0,15.0,17.4,1664,11.2
140,97.0,88.9,85.4,80.9,70.3,46.9,35.0,15.0,16.3,1595,7.43
141,100.0,100.0,99.0,95.1,87.0,64.9,38.0,17.0,18.14,1570,8.45
142,100.0,100.0,99.5,97.0,86.0,61.3,42.0,17.0,17.8,1618,9.13
143,97.9,80.5,60.5,45.0,40.0,25.5,35.0,13.0,8.8,1947,16.64
144,93.9,79.4,70.5,63.5,52.7,35.2,38.0,13.0,15.4,1849,13.81
145,100.0,99.6,98.9,97.5,85.7,59.1,43.0,19.0,25.3,1510,7.32
146,100.0,100.0,100.0,97.0,81.3,55.7,42.0,16.0,16.2,1543,6.14
147,100.0,100.0,98.8,96.2,83.6,56.8,43.0,14.0,17.7,1640,7.09
148,98.4,89.9,77.2,68.7,56.6,43.0,40.0,16.0,16.4,1690,8.28
149,100.0,100.0,100.0,98.0,87.7,65.1,41.0,17.0,21.1,1409,6.93
150,96.5,86.3,74.9,63.9,49.6,34.3,42.0,16.0,15.5,1803,13.57
151,97.9,82.5,60.2,45.9,34.5,21.7,37.0,15.0,14.1,1855,19.31
152,100.0,100.0,99.1,98.0,89.4,63.0,42.0,16.0,22.5,1510,11.14
153,100.0,97.3,91.2,83.9,70.9,39.9,38.0,15.0,14.7,1740,13.27
154,100.0,99.8,99.4,98.0,76.8,49.5,42.0,17.0,24.4,1564,11.18
155,100.0,100.0,99.8,98.3,74.2,46.2,39.0,16.0,22.9,1588,9.54
156,98.7,86.5,67.3,48.0,38.8,29.7,34.0,13.0,13.8,1873,15.09
157,100.0,100.0,100.0,97.7,92.6,72.3,37.4,15.1,18.9,1707,13.9
158,100.0,100.0,98.3,92.0,81.7,68.2,39.0,16.2,19.0,1565,12.1
159,93.2,78.1,55.8,44.4,35.5,20.2,30.0,12.0,12.9,1889,28.3
160,94.4,83.8,71.4,58.5,41.9,21.7,35.0,12.0,11.8,1824,18.42
161,100.0,94.9,88.3,80.5,67.7,47.5,46.0,18.0,14.3,1713,7.63
162,100.0,100.0,100.0,98.1,92.9,77.1,43.0,16.0,19.3,1519,8.02
163,100.0,98.1,96.9,96.0,93.1,88.9,55.0,23.0,31.3,1437,16.6
164,100.0,100.0,100.0,99.9,98.3,94.9,61.0,24.0,33.9,1375,18.4
165,100.0,95.0,92.5,90.8,83.4,74.0,53.0,21.0,30.9,1412,14.7
166,100.0,99.3,99.2,98.7,95.1,87.9,58.0,25.0,32.5,1347,14.1
167,100.0,99.2,99.2,99.1,96.5,91.5,57.0,21.0,31.9,1347,16.8
168,100.0,99.3,98.9,98.4,95.5,90.1,58.0,28.0,32.1,1416,22.1
169,100.0,98.2,97.7,97.2,92.4,86.6,54.0,24.0,30.5,1422,16.8
170,100.0,100.0,99.9,99.5,95.4,89.0,57.0,22.0,31.9,1411,15.0
171,100.0,100.0,100.0,99.7,96.9,91.9,55.0,24.0,31.8,1380,19.7
172,100.0,100.0,99.8,99.6,94.7,87.6,54.0,23.0,32.7,1366,15.5
173,100.0,98.3,98.1,97.5,91.9,85.6,57.0,27.0,33.0,1376,16.8
174,100.0,99.8,99.6,99.3,91.8,83.7,54.0,20.0,30.8,1435,9.3
175,100.0,100.0,99.9,99.7,98.0,94.1,57.0,26.0,30.5,1433,15.9
176,100.0,99.3,99.2,98.9,96.8,91.8,57.0,25.0,32.2,1410,19.4
177,100.0,100.0,99.9,99.8,95.6,91.1,56.0,24.0,33.0,1358,16.2
178,100.0,99.2,98.8,98.5,95.0,88.3,61.0,30.0,34.3,1326,11.3
179,100.0,96.2,95.6,94.7,90.2,83.9,57.0,22.0,31.3,1375,13.2
180,100.0,98.9,97.3,95.4,90.7,84.4,58.0,24.0,32.5,1322,12.2
181,100.0,100.0,99.9,99.7,85.6,49.7,53.0,19.0,31.7,1428,17.6
182,100.0,99.0,98.7,98.1,94.9,90.6,56.0,22.0,32.2,1395,16.8
183,100.0,98.6,97.5,96.3,92.9,87.4,51.0,19.0,31.9,1369,15.8
184,100.0,98.0,97.6,97.0,94.0,90.1,58.0,24.0,33.1,1352,17.1
185,100.0,100.0,100.0,99.7,97.3,92.4,66.0,26.0,32.9,1397,18.0
186,100.0,99.6,99.4,98.8,97.1,92.4,61.0,29.0,29.0,1524,22.0
187,100.0,99.4,98.8,98.1,96.0,92.3,61.0,27.0,32.6,1365,18.1
188,100.0,96.3,93.8,91.8,87.0,79.3,54.0,23.0,28.7,1441,18.1
189,100.0,100.0,99.9,99.5,97.1,93.0,60.0,28.0,31.6,1394,17.4
190,100.0,100.0,99.9,99.5,97.1,93.0,61.0,27.0,31.9,1424,21.7
191,100.0,100.0,99.6,97.8,95.4,84.1,52.4,11.1,29.0,1423,10.3
192,100.0,100.0,100.0,99.8,97.1,95.1,60.6,14.6,35.6,1349,9.4
193,100.0,100.0,96.3,93.8,90.2,88.2,56.4,9.2,32.7,1385,10.3
194,100.0,100.0,97.9,96.3,90.8,86.7,54.1,7.4,31.2,1404,9.2
195,100.0,100.0,99.9,99.4,96.0,93.4,61.4,11.1,33.4,1327,11.8
196,100.0,100.0,96.8,93.1,91.6,84.8,55.3,9.4,29.6,1437,7.5
197,100.0,100.0,99.3,97.4,92.8,89.4,58.2,9.9,32.1,1345,9.1
198,100.0,99.2,98.9,96.2,90.3,86.7,58.3,12.2,33.1,1339,10.9
199,100.0,100.0,98.2,96.1,91.3,88.9,54.9,11.9,30.9,1354,8.2
200,100.0,100.0,97.3,94.7,91.1,89.2,57.0,11.7,31.4,1398,8.7
201,100.0,100.0,98.3,96.3,91.2,87.9,58.9,13.5,32.0,1372,9.2
202,100.0,98.9,97.1,95.8,90.2,85.1,52.2,10.4,28.7,1415,11.3
203,100.0,99.8,96.1,90.5,88.5,87.5,41.3,5.9,30.6,1409,7.2
204,100.0,100.0,99.6,97.6,95.8,91.9,50.4,10.5,32.6,1390,9.8
205,100.0,99.2,98.9,96.8,93.4,89.7,47.3,10.9,29.8,1432,9.0
206,100.0,100.0,99.6,98.1,95.4,91.0,51.2,12.0,31.5,1383,10.2
207,100.0,99.3,98.1,96.5,92.2,86.4,46.6,9.9,28.6,1431,7.8
208,100.0,98.7,97.4,96.0,94.1,88.2,44.0,8.9,29.4,1466,8.9
209,100.0,98.9,96.3,94.2,89.5,79.8,42.8,9.4,26.9,1506,6.3
210,100.0,99.8,98.0,95.7,92.6,87.8,48.6,10.1,30.6,1454,8.2
211,100.0,94.5,92.9,91.9,84.7,78.2,39.7,8.4,24.9,1529,6.8
212,100.0,98.6,95.6,91.9,88.3,76.5,41.6,9.7,27.6,1499,6.5
213,100.0,99.2,96.4,94.7,91.8,87.5,48.2,9.9,29.1,1419,8.5
214,100.0,97.0,95.2,93.3,92.1,89.3,45.1,7.9,30.2,1473,7.9
215,100.0,98.2,97.5,91.8,88.1,80.2,42.1,9.3,27.3,1512,7.1
216,100.0,99.1,98.3,93.9,90.1,88.2,51.4,11.2,32.1,1398,9.6
217,100.0,99.9,99.0,96.4,90.9,84.4,39.9,4.1,28.7,1430,9.8
218,100.0,98.6,97.1,93.9,90.4,85.9,47.3,10.5,29.6,1489,7.2
219,100.0,98.9,97.6,95.4,92.7,90.4,50.5,11.4,33.1,1361,7.5
220,100.0,99.4,97.9,96.2,91.3,86.4,52.6,12.1,32.2,1385,8.8
221,100.0,97.5,96.2,91.9,87.4,82.6,54.1,12.2,33.8,1343,10.6
222,100.0,98.1,97.3,95.5,90.3,85.8,49.6,10.2,32.1,1404,8.3
223,100.0,100.0,98.5,95.1,90.8,86.3,52.3,12.6,29.6,1428,7.8
224,100.0,98.2,96.4,91.1,85.1,79.5,48.6,8.9,26.8,1502,6.8
225,100.0,99.4,97.6,94.1,89.7,83.4,47.8,7.5,28.9,1485,9.6
226,100.0,100.0,99.0,97.5,94.5,89.1,51.8,12.9,30.4,1411,10.8
227,100.0,100.0,99.8,97.1,96.4,92.9,59.4,14.1,31.5,1387,9.2
228,100.0,100.0,100.0,98.9,95.4,90.3,51.8,12.3,32.1,1359,9.9
229,100.0,100.0,98.8,97.6,93.9,88.5,53.6,12.7,30.2,1465,8.6
230,100.0,100.0,100.0,99.8,98.4,97.3,57.9,15.1,31.5,1362,8.1
231,100.0,100.0,99.4,98.9,97.6,93.8,59.6,11.3,30.8,1393,9.8
232,100.0,100.0,99.4,97.2,93.1,89.8,50.2,12.6,28.9,1472,8.3
233,100.0,100.0,100.0,98.5,96.1,92.4,53.3,13.8,32.1,1381,10.1
234,100.0,100.0,99.2,96.5,94.3,87.8,46.6,7.5,28.9,1463,7.6
235,100.0,100.0,98.6,97.4,96.2,91.5,50.8,10.5,30.6,1416,8.8
236,100.0,100.0,100.0,99.7,97.3,92.4,66.0,26.0,32.9,1397,18.0
237,100.0,99.6,99.4,98.8,97.1,92.4,61.0,29.0,29.0,1524,22.0
238,100.0,99.4,98.8,98.1,95.0,92.3,61.0,27.0,32.6,1365,18.1
239,100.0,96.3,93.8,91.8,87.0,79.3,54.0,23.0,28.7,1441,18.1
240,100.0,100.0,99.9,99.5,97.1,93.0,60.0,28.0,31.6,1394,17.4
241,100.0,100.0,99.9,99.5,97.1,93.0,61.0,27.0,31.9,1424,21.7
242,100.0,96.5,93.2,90.4,87.5,81.8,46.3,11.3,29.5,1493,8.3
243,100.0,98.6,97.2,95.6,90.8,86.4,47.3,9.4,30.9,1422,7.1
244,100.0,98.7,95.3,92.9,88.7,83.1,44.5,10.9,28.3,1487,9.3
245,100.0,99.4,96.5,91.8,89.2,81.5,42.1,7.6,29.1,1455,8.6
246,100.0,99.1,97.6,93.4,87.3,78.6,39.8,7.3,27.4,1509,8.1
247,100.0,100.0,98.1,95.4,90.2,85.6,50.2,9.9,31.8,1391,9.8
248,100.0,98.1,96.4,91.7,86.4,80.5,47.8,10.6,29.5,1438,8.4
249,100.0,100.0,100.0,100.0,96.8,38.0,32.8,6.2,14.0,1701,10.9
250,100.0,100.0,100.0,100.0,96.9,74.1,47.6,8.9,22.2,1593,6.9
251,100.0,100.0,100.0,100.0,95.7,74.3,45.7,11.3,21.4,1616,6.3
252,100.0,95.6,84.0,65.5,53.8,21.8,45.7,11.3,9.5,1949,34.7
253,100.0,100.0,100.0,100.0,95.8,75.3,43.6,10.6,21.9,1605,5.6
254,100.0,100.0,100.0,100.0,97.2,85.9,47.4,6.1,22.6,1519,6.3
255,100.0,100.0,100.0,100.0,96.9,74.1,41.7,13.6,21.0,1612,6.3
256,100.0,100.0,100.0,100.0,90.9,55.3,38.7,12.6,14.8,1638,7.7
257,100.0,100.0,100.0,100.0,93.5,68.7,38.7,16.0,16.6,1656,6.8
258,100.0,100.0,100.0,100.0,88.8,70.4,43.4,15.1,15.0,1591,7.2
259,100.0,100.0,100.0,100.0,92.7,78.4,42.6,13.8,22.7,1620,6.9
260,100.0,95.1,79.5,71.4,60.9,51.3,37.6,12.5,16.3,1731,13.8
261,100.0,94.2,79.1,70.7,58.9,47.4,34.5,14.1,15.7,1710,13.7
262,100.0,100.0,100.0,100.0,92.0,77.7,44.4,10.2,24.5,1607,6.3
263,100.0,100.0,100.0,100.0,94.7,82.2,43.8,13.6,22.5,1596,6.8
264,100.0,100.0,100.0,100.0,95.2,74.3,38.8,18.4,17.7,1659,8.8
265,100.0,100.0,100.0,100.0,93.6,80.3,41.6,13.9,22.3,1605,7.3
266,100.0,100.0,100.0,100.0,91.8,65.3,39.7,11.5,15.1,1641,6.6
267,100.0,100.0,100.0,100.0,91.7,77.9,42.8,14.6,22.8,1635,7.7
268,100.0,100.0,100.0,100.0,94.2,74.8,38.6,16.4,17.3,1665,7.7
269,100.0,100.0,100.0,100.0,96.2,78.5,39.8,16.4,18.7,1647,6.9
270,100.0,100.0,100.0,100.0,94.1,74.6,39.7,16.5,16.4,1650,8.2
271,100.0,100.0,100.0,100.0,92.3,78.3,41.7,19.9,22.3,1625,6.9
272,100.0,100.0,100.0,100.0,93.7,80.9,46.7,10.5,24.3,1561,5.7
273,100.0,100.0,100.0,100.0,93.1,78.4,42.7,11.3,22.3,1618,6.4
274,100.0,100.0,100.0,100.0,92.0,83.4,45.4,8.7,22.3,1547,4.7
275,100.0,100.0,100.0,100.0,97.1,86.8,46.6,10.4,23.2,1561,5.9
276,100.0,100.0,100.0,100.0,92.7,79.3,42.9,16.1,21.9,1602,6.1
277,100.0,100.0,100.0,100.0,94.3,75.8,38.7,16.7,16.8,1674,7.6
278,100.0,100.0,100.0,100.0,91.5,78.4,42.4,15.2,22.8,1629,7.0
279,100.0,100.0,100.0,100.0,95.1,74.2,40.6,16.4,15.5,1673,8.9
280,100.0,100.0,100.0,100.0,95.1,76.7,37.7,17.0,16.3,1643,6.8
281,100.0,100.0,100.0,100.0,94.9,73.7,38.0,17.0,17.8,1664,9.0
282,100.0,100.0,100.0,100.0,92.0,77.6,40.6,14.3,22.3,1640,7.3
283,100.0,100.0,100.0,100.0,94.4,75.0,39.6,16.7,15.1,1668,7.7
284,100.0,100.0,100.0,100.0,97.6,87.4,43.9,13.6,21.7,1537,5.0
285,100.0,100.0,100.0,100.0,95.5,87.1,43.5,11.0,23.7,1593,4.5
286,100.0,100.0,100.0,100.0,92.5,78.9,42.7,13.2,21.2,1618,6.9
287,100.0,100.0,100.0,100.0,96.6,87.4,45.7,15.0,23.0,1571,4.4
288,100.0,84.8,61.9,43.7,36.0,31.5,38.5,12.5,17.1,1831,14.7
289,100.0,95.8,80.1,66.6,50.9,44.4,36.9,8.7,15.6,1870,19.5
290,100.0,100.0,100.0,100.0,93.7,48.0,33.7,13.3,15.0,1739,7.1
291,100.0,82.0,64.9,49.9,37.1,31.4,32.7,8.2,12.8,1905,24.8
292,100.0,100.0,100.0,100.0,94.8,79.5,44.7,13.6,21.1,1607,7.5
293,100.0,100.0,86.7,78.4,69.0,61.4,42.6,13.9,19.3,1702,14.6
294,100.0,100.0,88.9,81.2,71.1,64.4,42.4,13.4,20.9,1644,9.5
295,100.0,100.0,100.0,100.0,93.4,76.8,39.6,16.7,18.6,1675,7.1
296,100.0,100.0,100.0,100.0,93.8,77.5,40.4,16.8,19.6,1673,7.1
297,100.0,100.0,100.0,100.0,94.3,76.7,38.0,16.6,18.1,1672,7.8
298,100.0,100.0,100.0,100.0,94.1,77.3,39.8,17.4,18.6,1644,7.9
299,100.0,100.0,100.0,100.0,94.7,25.1,41.5,17.6,17.9,1653,7.6
300,100.0,100.0,100.0,100.0,97.5,38.8,37.9,13.5,14.0,1702,10.8
301,100.0,100.0,100.0,100.0,96.6,40.9,39.7,14.0,15.4,1733,11.3
302,100.0,100.0,100.0,100.0,94.7,65.5,35.9,13.5,14.8,1707,11.3
303,100.0,100.0,100.0,100.0,93.8,64.1,38.0,13.9,14.8,1726,12.1
304,100.0,100.0,100.0,100.0,96.5,37.8,37.5,13.3,14.6,1783,11.7
305,100.0,100.0,100.0,100.0,95.8,41.0,39.4,15.4,14.0,1625,9.1
306,100.0,100.0,100.0,100.0,95.8,81.4,41.6,14.4,19.1,1605,6.6
307,100.0,98.0,88.5,69.2,59.2,29.5,33.5,10.7,11.8,1976,22.5
308,100.0,100.0,100.0,100.0,94.7,78.4,40.9,16.8,20.1,1689,7.0
309,100.0,100.0,100.0,100.0,95.5,78.4,42.5,16.4,20.2,1666,6.5
310,100.0,95.1,82.5,71.6,57.9,48.1,36.8,13.2,14.2,1842,18.5
311,100.0,94.4,82.6,71.5,56.0,47.2,33.5,11.3,14.0,1865,18.5
312,100.0,100.0,100.0,100.0,96.5,80.7,42.7,18.5,18.1,1656,6.1
313,100.0,96.2,81.8,69.4,54.3,46.2,40.9,16.6,14.7,1766,18.2
314,100.0,100.0,100.0,100.0,96.4,79.0,39.7,17.3,18.5,1679,8.2
315,100.0,100.0,100.0,100.0,94.8,77.8,40.9,16.8,17.3,1662,8.6
316,100.0,100.0,100.0,100.0,95.2,77.8,38.6,17.6,18.6,1667,8.5
317,100.0,100.0,100.0,100.0,95.0,77.9,40.5,15.9,19.5,1672,8.1
318,100.0,100.0,100.0,100.0,95.5,78.4,40.7,16.7,19.9,1661,8.1
319,100.0,100.0,100.0,100.0,95.4,78.0,39.9,16.8,18.3,1642,8.6
320,100.0,100.0,100.0,100.0,95.6,78.6,38.7,17.1,17.6,1647,8.0
321,100.0,100.0,100.0,100.0,94.4,77.0,40.6,16.6,17.8,1656,9.3
322,100.0,96.6,82.4,69.2,54.9,47.7,38.7,16.3,14.2,1877,21.0
323,100.0,100.0,100.0,100.0,97.2,85.9,41.6,11.9,22.4,1589,4.7
324,100.0,100.0,100.0,100.0,93.7,78.0,39.7,16.9,17.9,1676,8.1
325,100.0,100.0,100.0,100.0,96.4,83.9,45.8,13.7,21.5,1604,5.6
326,100.0,100.0,88.4,80.8,73.5,51.9,37.6,13.7,15.9,1682,9.9
327,100.0,100.0,89.1,81.9,76.1,54.6,36.6,13.6,15.6,1667,9.4
328,100.0,100.0,90.2,82.9,74.3,54.0,36.2,14.0,15.4,1674,9.6
329,100.0,100.0,86.3,77.9,68.9,49.9,37.6,13.6,15.3,1705,10.6
330,100.0,100.0,89.1,81.7,73.1,53.1,36.7,14.3,16.4,1678,9.5
331,89.8,60.8,32.6,22.2,16.7,14.0,24.8,4.7,10.3,2091,46.6
332,88.7,59.9,32.2,21.3,16.5,13.8,24.8,5.1,9.6,2090,48.5
333,88.5,58.3,30.5,21.0,16.2,13.6,24.6,5.3,9.7,2108,46.7
334,89.1,59.7,31.2,21.1,15.5,13.1,24.6,4.6,10.5,2080,44.8
335,89.1,59.3,31.0,20.7,15.9,13.7,23.9,5.6,9.5,2141,49.1
336,85.5,59.3,31.7,22.0,17.0,14.5,23.7,5.3,9.9,2091,48.8
337,88.6,59.9,31.8,22.0,16.7,14.1,24.4,4.3,10.0,2110,47.2
338,89.6,60.9,32.7,22.3,16.8,13.7,23.5,4.6,9.9,2107,48.7
339,88.4,57.9,31.0,21.2,16.1,13.8,23.8,4.9,9.9,2112,48.7
340,88.4,57.8,31.0,21.1,16.0,13.7,23.5,4.1,9.7,2125,50.3
341,88.4,57.8,30.8,20.9,16.0,13.7,23.1,4.2,9.6,2120,52.2
342,88.3,57.7,30.6,20.7,15.6,13.4,22.9,3.8,9.6,2142,53.0
343,88.3,57.8,30.8,21.0,16.0,13.6,22.8,3.9,9.6,2178,54.9
344,88.4,58.0,30.9,21.0,16.0,13.8,23.0,3.7,10.2,2110,52.2
345,88.4,58.2,31.1,21.2,16.2,13.8,23.2,3.1,9.6,2198,52.7
346,89.8,60.8,32.6,22.2,16.7,14.0,22.8,4.5,9.1,2551,83.0
347,88.7,59.9,32.2,21.3,16.5,13.8,23.8,4.1,10.5,2175,85.6
348,88.5,58.3,30.5,21.0,16.2,13.6,24.6,5.3,9.4,2168,86.9
349,89.1,59.7,31.2,21.1,15.5,13.1,24.6,4.6,8.9,2170,88.3
350,89.1,59.3,31.0,20.7,15.9,13.7,23.9,5.6,9.5,2162,84.6
351,88.5,59.3,31.7,22.0,17.0,14.5,23.7,5.3,9.7,2149,85.1
352,88.6,59.9,31.8,22.0,16.7,14.1,24.4,4.3,9.9,2127,85.2
353,89.6,60.9,32.7,22.3,16.8,13.7,23.5,4.6,10.3,2185,87.3
354,88.4,57.9,31.0,21.2,16.1,13.8,23.8,4.9,10.6,2170,87.4
355,88.4,57.8,31.0,21.1,16.0,13.7,23.5,4.1,10.5,2183,90.6
356,88.4,57.8,30.8,20.9,16.0,13.7,23.1,4.2,10.5,2255,90.1
357,88.3,57.7,30.6,20.7,15.6,13.4,22.9,3.8,10.1,2092,87.9
358,88.3,57.8,30.8,21.0,16.0,13.6,22.8,3.9,10.6,2187,86.4
359,88.4,58.0,30.9,21.0,16.0,13.8,23.0,3.7,10.7,2246,88.5
360,88.4,58.2,31.1,21.2,16.2,13.8,23.2,3.1,10.1,2239,88.6
361,100.0,100.0,100.0,100.0,93.71,55.27,28.07,8.31,13.6,1610,8.2
362,100.0,100.0,100.0,100.0,94.1,56.29,30.46,9.45,15.6,1582,7.78
363,100.0,100.0,100.0,100.0,95.83,60.4,29.61,11.0,16.3,1607,9.42
364,100.0,100.0,100.0,100.0,95.74,61.63,31.16,10.99,17.6,1599,9.79
365,100.0,100.0,100.0,100.0,94.82,59.07,32.46,12.43,16.0,1659,8.05
366,100.0,100.0,100.0,100.0,95.22,53.33,27.74,9.99,16.0,1591,9.2
367,100.0,100.0,100.0,100.0,95.33,54.51,29.18,10.31,17.1,1628,9.45
368,100.0,73.7,56.5,47.0,43.9,25.0,29.3,9.1,8.5,1376,34.8
369,100.0,76.1,59.9,49.3,45.5,23.7,30.8,10.3,8.1,1443,38.4
370,100.0,100.0,98.9,96.5,90.8,68.3,32.0,13.0,12.0,1707,3.2
371,100.0,100.0,100.0,91.8,54.7,31.2,34.0,20.0,16.4,1645,5.4
372,100.0,100.0,100.0,99.4,95.4,85.4,65.0,18.0,32.4,1375,10.0
373,100.0,100.0,100.0,99.6,97.3,89.9,54.0,18.0,27.6,1496,12.4
374,100.0,100.0,100.0,99.4,96.4,89.0,36.0,12.0,26.8,1523,9.4
375,100.0,100.0,100.0,99.4,92.4,80.9,54.0,17.0,24.9,1565,11.8
376,100.0,100.0,100.0,98.4,91.4,76.2,44.0,18.0,22.7,1551,10.9
377,100.0,100.0,99.8,97.0,99.6,69.9,36.0,12.0,21.7,1598,5.6
378,100.0,100.0,100.0,100.0,99.6,69.9,36.0,12.0,22.2,1512,11.2
379,100.0,100.0,99.8,97.8,91.5,43.8,25.0,10.0,16.2,1734,10.4
380,100.0,100.0,100.0,99.7,98.8,43.9,41.0,10.0,19.4,1580,9.9
381,100.0,100.0,100.0,99.7,98.6,95.5,51.0,23.0,29.1,1460,12.0
382,100.0,100.0,99.4,95.7,85.9,65.8,44.0,12.0,22.6,1608,16.0
383,100.0,100.0,100.0,99.8,99.1,94.8,59.0,24.0,27.0,1443,8.4
384,100.0,100.0,100.0,99.9,98.8,73.2,38.0,16.0,18.6,1614,18.4
385,100.0,100.0,99.1,93.8,81.0,38.8,26.0,10.0,16.2,1746,9.4
386,100.0,100.0,100.0,99.6,95.2,79.5,51.0,12.0,28.3,1507,7.2
387,100.0,100.0,100.0,99.9,98.9,72.0,45.0,15.0,20.8,1586,7.3
388,100.0,100.0,100.0,99.5,98.3,77.3,46.0,22.0,25.8,1494,12.6
389,100.0,100.0,100.0,99.9,99.7,97.8,54.0,13.0,27.8,1411,10.6
390,100.0,100.0,99.9,98.8,95.0,83.5,48.0,18.0,26.9,1465,12.3
391,100.0,100.0,100.0,99.9,98.0,91.5,51.0,10.0,26.8,1322,7.0
392,100.0,100.0,100.0,99.7,98.2,76.8,45.0,12.0,22.3,1503,18.0
393,100.0,100.0,100.0,99.8,98.4,88.4,51.0,12.0,25.2,1402,14.6
394,100.0,100.0,100.0,100.0,99.0,92.0,68.0,33.0,29.1,1289,6.2
395,100.0,100.0,100.0,99.9,99.9,93.6,52.0,16.0,29.8,1370,7.9
396,100.0,100.0,100.0,99.8,98.0,90.1,63.0,14.0,33.2,1288,6.7
397,100.0,100.0,99.6,94.6,91.2,86.8,53.0,18.0,29.3,1452,17.0
398,100.0,100.0,99.8,99.6,99.6,98.2,57.0,20.0,31.9,1353,12.5
399,100.0,100.0,99.2,87.7,54.7,40.3,32.0,5.0,14.6,1690,5.1
400,100.0,98.4,93.0,88.0,63.9,51.8,46.0,17.0,18.0,1677,11.8
401,100.0,100.0,100.0,99.7,98.5,96.2,63.0,28.0,26.7,1369,14.2
402,100.0,100.0,99.7,99.4,99.4,96.0,66.0,21.0,28.5,1286,9.9
403,100.0,100.0,99.9,99.2,98.1,95.8,60.0,18.0,32.7,1371,13.0
404,100.0,100.0,100.0,99.8,98.9,92.9,53.0,18.0,30.6,1380,17.3
405,100.0,100.0,100.0,98.8,93.3,84.0,54.0,15.0,32.9,1408,22.2
406,100.0,94.4,81.6,76.7,66.7,59.8,49.0,13.0,17.4,1445,2.9
407,100.0,100.0,99.9,99.3,98.0,89.7,49.0,22.0,27.3,1470,18.8
408,100.0,99.7,98.4,97.8,96.8,95.0,76.0,24.0,29.3,1364,8.3
409,100.0,100.0,99.9,99.5,98.6,96.3,63.0,27.0,34.4,1322,14.5
410,100.0,100.0,100.0,99.8,99.0,94.7,70.0,24.0,32.6,1286,7.3
411,100.0,100.0,100.0,99.9,99.4,99.2,81.0,28.0,38.0,1225,11.5
412,100.0,100.0,100.0,100.0,99.4,95.7,71.0,23.0,36.2,1240,14.3
413,100.0,100.0,100.0,99.9,98.6,96.4,76.0,28.0,31.0,1392,9.3
414,100.0,100.0,100.0,99.2,97.5,91.8,56.0,16.0,29.1,1384,15.7
415,100.0,100.0,98.6,95.2,83.8,67.9,45.0,14.0,27.5,1452,11.3
416,100.0,100.0,100.0,99.5,97.8,91.3,54.0,19.0,29.7,1409,15.3
417,100.0,100.0,100.0,100.0,99.7,93.9,56.0,20.0,37.0,1316,11.1
418,100.0,99.9,99.6,95.2,83.9,70.8,52.0,13.0,28.3,1507,7.6
419,100.0,100.0,100.0,100.0,98.0,87.6,52.0,14.0,31.0,1417,9.2
420,100.0,100.0,100.0,97.6,91.8,80.4,44.0,11.0,21.4,1586,16.9
421,100.0,100.0,100.0,98.2,95.3,87.8,50.0,7.0,27.1,1526,29.8
422,100.0,100.0,99.5,96.3,86.0,74.1,48.0,14.0,27.5,1534,8.7
423,100.0,100.0,100.0,99.7,97.1,85.7,60.0,27.0,22.2,1584,6.1
424,100.0,100.0,100.0,99.7,98.8,88.7,58.0,21.0,28.9,1533,17.3
425,100.0,100.0,100.0,99.9,99.5,95.5,64.0,11.0,35.7,1294,19.7
426,100.0,100.0,100.0,99.3,93.9,80.5,46.0,15.0,25.2,1618,25.8
427,100.0,100.0,100.0,99.2,96.6,84.6,50.0,16.0,24.8,1582,19.2
428,100.0,100.0,100.0,99.9,99.6,88.0,58.0,15.0,29.2,1474,16.7
429,100.0,99.87,99.68,98.52,73.75,35.99,31.1,14.4,14.7,1806,11.5
430,100.0,99.7,99.28,98.12,71.0,35.2,31.0,22.2,14.9,1780,18.5
431,100.0,100.0,99.85,99.57,90.12,60.48,25.3,15.6,16.0,1796,13.0
432,100.0,99.72,99.58,99.88,96.26,36.18,18.8,3.7,13.0,1913,15.5
433,100.0,99.91,99.75,99.33,87.64,38.2,26.5,17.8,15.7,1734,14.8
434,100.0,100.0,99.65,99.07,97.83,47.17,34.0,15.2,18.0,1683,20.4
435,100.0,100.0,99.79,98.93,92.77,42.74,23.6,11.4,15.4,1791,13.7
436,100.0,99.59,98.41,96.98,69.76,34.7,29.4,23.6,21.3,1643,11.4
437,100.0,100.0,99.93,99.74,93.31,42.43,32.1,25.6,22.1,1585,10.8
438,100.0,99.24,98.46,97.57,63.7,38.38,47.4,36.9,30.2,1431,21.5
439,100.0,99.13,96.76,92.72,62.8,36.15,48.2,37.6,30.0,1435,11.3
440,100.0,98.02,94.77,90.38,64.51,34.54,39.5,26.4,24.5,1654,17.9
441,100.0,96.57,92.38,87.32,60.64,31.55,47.8,37.4,25.6,1558,11.5
442,100.0,100.0,99.83,99.8,76.88,52.79,35.2,22.4,5.6,1699,18.1
443,100.0,100.0,99.92,99.91,99.39,35.54,25.1,11.4,11.2,1875,22.3
444,100.0,100.0,99.83,99.8,97.62,52.66,34.9,22.5,10.2,1904,51.5
445,100.0,100.0,99.92,99.91,99.43,36.41,25.0,12.6,11.7,2138,63.4
446,100.0,100.0,99.92,99.91,99.45,37.16,24.8,12.3,9.5,2133,73.0
447,100.0,100.0,100.0,100.0,99.8,26.6,21.0,9.0,9.3,2016,24.0
448,100.0,100.0,100.0,100.0,98.8,23.4,19.0,7.0,9.8,2013,28.7
449,100.0,100.0,100.0,100.0,99.6,26.9,23.0,9.0,11.6,1870,14.1
450,100.0,100.0,100.0,100.0,99.7,33.2,24.0,12.0,9.2,2012,22.1
451,100.0,100.0,100.0,100.0,99.9,25.3,21.0,7.0,11.9,1913,12.8
452,100.0,100.0,100.0,100.0,99.8,26.8,23.0,10.0,11.2,1842,10.7
453,100.0,100.0,100.0,100.0,98.8,24.2,20.0,9.0,9.4,1983,11.3
454,100.0,100.0,100.0,100.0,99.3,21.8,18.0,5.0,8.8,2027,28.6
455,100.0,100.0,100.0,100.0,98.5,19.6,21.0,10.0,10.7,1869,11.5
456,100.0,100.0,100.0,100.0,99.6,20.8,19.0,6.0,8.6,1991,29.0
457,100.0,100.0,100.0,100.0,98.1,22.9,19.0,11.0,89.9,2035,39.6
458,100.0,100.0,100.0,100.0,99.6,27.6,21.0,8.0,9.3,2012,36.1
459,100.0,100.0,100.0,100.0,99.9,34.6,25.0,13.0,30.0,1499,15.2
460,100.0,100.0,100.0,100.0,99.7,21.3,17.0,4.0,9.4,1988,31.1
461,100.0,100.0,100.0,100.0,99.9,30.8,21.0,5.0,10.5,1998,44.2
462,100.0,100.0,100.0,100.0,99.7,23.7,20.0,5.0,9.6,2054,38.8
463,100.0,100.0,100.0,100.0,99.4,25.2,22.0,12.0,11.8,1877,13.4
464,100.0,100.0,100.0,100.0,99.6,27.5,25.0,13.0,10.0,1986,39.9
465,100.0,100.0,100.0,100.0,99.9,24.8,20.0,5.0,11.7,1893,12.7
466,100.0,100.0,100.0,100.0,99.1,24.5,21.0,9.0,9.4,2004,34.1
467,100.0,100.0,100.0,100.0,99.5,21.6,18.0,4.0,10.9,1869,11.6
468,100.0,100.0,100.0,100.0,99.8,22.7,21.0,8.0,9.7,1979,45.1
469,100.0,100.0,100.0,100.0,99.6,21.1,18.0,5.0,8.3,2033,43.3
470,100.0,100.0,99.9,99.9,99.4,23.0,23.0,11.0,8.5,2188,40.0
471,100.0,100.0,100.0,100.0,99.1,25.8,18.0,3.0,8.2,1993,44.6
472,100.0,100.0,100.0,100.0,98.4,26.1,22.0,11.0,10.9,1912,17.0
473,100.0,100.0,100.0,100.0,99.1,25.5,22.0,7.0,12.0,1896,19.3
474,100.0,100.0,100.0,100.0,99.9,26.6,25.0,11.0,9.7,2005,46.5
475,100.0,100.0,100.0,100.0,99.7,26.1,20.0,4.0,9.5,2033,36.7
476,100.0,100.0,100.0,100.0,98.1,22.9,19.0,11.0,9.2,2017,32.4
477,100.0,100.0,100.0,99.9,98.9,94.6,77.0,30.0,38.2,1312,7.2
478,100.0,100.0,99.9,99.5,97.0,87.9,60.0,23.0,30.1,1396,10.2
479,100.0,100.0,100.0,99.9,97.5,83.1,49.0,20.0,27.4,1502,1.9
480,100.0,100.0,100.0,97.9,78.4,69.0,57.0,22.0,26.3,1530,2.1
481,100.0,99.9,99.3,97.7,81.4,56.5,42.0,13.0,23.2,1570,5.0
482,100.0,92.8,81.3,59.1,29.4,19.8,38.0,14.0,11.5,1910,38.0
483,99.0,93.4,88.8,77.7,43.8,24.8,39.0,12.0,14.6,1840,34.2
484,100.0,99.5,94.8,81.8,52.3,70.3,38.0,14.0,13.7,1861,18.8
485,96.5,75.3,66.5,53.9,18.6,8.7,24.0,7.0,12.1,1784,43.1
486,100.0,100.0,99.9,96.8,68.5,50.3,48.0,18.0,19.7,1652,18.8
487,100.0,100.0,99.8,99.0,81.6,70.3,57.0,21.0,26.3,1490,11.0
488,100.0,100.0,99.9,99.7,91.4,82.9,65.0,27.0,29.9,1449,7.3
489,100.0,99.9,98.3,96.5,85.4,69.0,54.0,20.0,24.0,1541,22.2
490,100.0,100.0,100.0,99.9,92.0,81.1,62.0,25.0,30.2,1408,12.3
491,100.0,100.0,100.0,98.3,34.0,19.5,43.0,19.0,14.9,1821,12.1
492,100.0,100.0,100.0,99.9,91.7,74.9,50.0,16.0,26.1,1488,11.2
493,100.0,100.0,100.0,99.9,88.6,66.6,43.0,14.0,23.6,1545,11.1
494,100.0,100.0,100.0,99.7,90.5,75.1,46.0,14.0,27.3,1462,16.8
495,100.0,100.0,100.0,99.6,91.0,75.0,46.0,15.0,27.3,1490,9.7
496,100.0,100.0,100.0,99.8,95.7,86.4,57.0,21.0,32.8,1395,7.5
497,100.0,100.0,100.0,99.6,94.9,85.1,51.0,20.0,29.6,1439,8.2
498,100.0,100.0,100.0,98.4,87.6,72.6,45.0,16.0,29.3,1396,14.1
499,100.0,100.0,100.0,100.0,84.9,43.3,34.1,11.4,13.6,1370,8.7
500,100.0,100.0,100.0,100.0,91.2,60.1,36.0,12.3,15.5,1576,12.5
501,100.0,100.0,100.0,100.0,87.9,52.4,34.6,10.9,15.1,1721,13.8
502,100.0,100.0,100.0,100.0,92.9,51.4,35.7,12.0,16.7,1727,20.0
503,100.0,97.4,88.7,83.9,74.3,48.2,31.6,11.4,16.8,1658,14.6
504,100.0,77.0,61.0,46.6,35.2,20.5,30.5,9.7,12.3,1890,51.5
505,100.0,87.2,80.2,71.6,62.6,40.6,31.8,10.2,14.0,1728,24.5
506,100.0,100.0,100.0,100.0,92.4,53.8,36.4,13.1,18.6,1670,7.7
507,100.0,97.0,80.5,70.7,65.8,41.9,32.6,10.2,12.4,1902,22.5
508,100.0,100.0,99.8,96.1,88.8,55.9,30.8,9.7,14.4,1725,21.0
509,100.0,99.2,94.4,85.7,81.2,56.8,27.3,9.6,14.8,1854,11.6
510,100.0,86.1,77.7,69.1,61.5,36.4,32.6,11.3,11.7,1729,19.5
511,95.6,86.6,60.7,45.3,38.9,17.8,28.4,9.2,10.4,1980,22.6
512,100.0,88.7,69.5,61.2,53.8,31.7,36.5,12.5,13.1,1695,12.6
513,100.0,100.0,100.0,98.9,91.8,46.8,35.7,9.8,14.1,1589,14.8
514,97.9,77.1,56.3,40.7,36.1,26.3,32.4,8.0,9.2,2009,29.7
515,100.0,83.7,61.6,48.4,41.5,26.7,34.2,13.0,9.8,1917,24.6
516,100.0,90.2,75.1,65.0,59.8,33.4,32.1,7.2,11.7,1877,21.4
517,99.2,83.6,51.2,36.9,32.2,23.7,45.2,18.6,10.2,1916,24.7
518,100.0,100.0,99.9,96.4,94.6,73.8,39.6,14.9,19.6,1563,12.1
519,99.0,86.6,66.9,45.7,36.7,25.1,31.9,11.3,13.6,1809,21.2
520,100.0,100.0,100.0,97.3,90.4,54.9,31.5,6.5,18.8,1507,5.5
521,100.0,100.0,100.0,99.5,93.7,50.7,30.2,8.4,17.2,1616,8.6
522,100.0,100.0,100.0,99.8,94.7,53.7,30.8,11.1,17.9,1551,7.3
523,100.0,100.0,100.0,99.7,95.3,53.2,33.2,12.4,18.4,1544,8.9
524,100.0,100.0,100.0,99.8,94.8,57.7,29.0,9.8,17.0,1553,6.5
525,100.0,100.0,100.0,99.8,96.0,55.4,29.2,9.6,17.2,1561,5.5
526,100.0,100.0,100.0,99.1,91.7,54.5,29.8,8.9,20.0,1521,8.3
527,100.0,100.0,97.8,92.7,85.5,57.7,29.7,9.1,19.4,1519,10.7
528,100.0,99.4,97.2,92.9,86.8,59.3,31.6,9.9,19.5,1523,10.1
529,100.0,99.5,6.7,91.2,85.4,56.0,30.9,11.1,20.7,1549,12.2
530,100.0,99.5,96.5,90.5,84.9,57.8,30.2,9.9,19.8,1537,10.5
531,100.0,99.5,96.8,92.0,85.7,56.9,34.0,13.3,19.1,1544,12.2
532,100.0,99.5,96.5,90.7,85.4,57.1,29.9,9.1,17.0,1503,11.5
533,100.0,99.4,96.5,91.7,85.6,57.3,29.1,9.9,18.9,1551,11.6
534,100.0,99.4,96.2,90.1,84.3,56.0,32.2,11.3,18.1,1585,9.5
535,99.4,88.7,70.0,57.8,53.2,39.0,33.2,12.2,15.2,1687,13.8
536,99.5,88.6,69.5,55.2,49.8,37.0,34.0,13.3,16.8,1644,17.1
537,80.5,58.1,40.3,27.6,23.3,15.0,33.8,14.1,9.6,2008,59.2
538,98.2,82.2,57.0,44.5,38.8,25.5,35.4,14.9,10.3,1949,49.2
539,97.8,81.8,57.3,44.7,39.0,28.3,35.6,13.1,10.6,1941,47.9
540,97.2,79.6,55.1,38.7,35.0,23.6,37.4,12.1,10.6,1972,45.9
541,91.0,61.0,41.4,25.8,22.4,16.2,37.9,14.6,9.0,2055,56.5
542,89.8,63.1,45.6,30.7,26.2,17.9,36.7,14.2,9.4,2011,59.4
543,93.3,72.6,51.8,37.4,32.4,24.9,36.5,14.5,10.2,1982,42.6
544,91.0,65.3,48.0,32.8,28.4,19.9,35.8,13.0,10.1,2004,47.9
545,94.5,71.3,53.5,41.9,36.3,15.8,27.6,7.9,10.2,2043,51.7
546,92.3,74.2,53.0,39.8,35.1,17.0,32.6,11.1,8.8,2014,61.8
547,90.0,73.7,54.5,38.8,33.4,19.8,26.0,7.0,9.3,2077,48.0
548,90.0,65.9,51.2,37.9,33.2,13.8,26.5,7.4,9.1,2014,77.4
549,92.7,68.0,47.2,27.1,24.4,18.8,37.9,14.1,8.9,2116,108.4
550,87.4,67.2,44.0,27.1,23.9,15.6,35.2,13.1,9.4,2111,107.5
551,90.7,68.8,48.0,28.8,24.9,15.9,35.6,13.0,9.0,2102,91.8
552,82.0,55.0,35.9,22.0,19.9,14.3,42.5,18.2,7.2,2165,82.6
553,99.4,80.1,53.1,35.5,31.0,21.5,36.8,15.0,7.6,2133,117.8
554,91.9,67.8,43.9,28.1,24.9,17.6,36.9,12.5,7.9,2094,105.1
555,92.2,72.7,48.4,34.2,30.0,20.4,36.3,13.7,8.2,2061,94.0
556,100.0,100.0,100.0,100.0,98.9,86.4,49.0,20.0,28.9,1527,13.5
557,100.0,99.8,99.8,99.6,98.7,92.7,53.0,20.0,30.0,1499,15.2
558,100.0,100.0,100.0,99.8,98.8,94.6,50.0,26.0,32.5,1419,6.3
559,100.0,100.0,100.0,99.8,98.8,94.6,50.0,26.0,29.7,1505,14.3
560,100.0,100.0,100.0,99.9,98.9,95.3,53.0,21.0,30.0,1468,15.6
561,100.0,100.0,99.9,99.7,98.0,93.7,54.0,22.0,27.9,1546,19.6
562,100.0,100.0,100.0,99.7,98.6,95.0,53.0,24.0,26.6,1587,14.0
563,100.0,100.0,100.0,99.9,99.2,94.5,63.0,30.0,26.7,1592,
564,100.0,98.9,98.7,98.7,98.3,95.2,70.0,33.0,30.0,1555,14.2
565,100.0,100.0,100.0,99.9,99.5,96.2,62.0,29.0,30.8,1500,13.1
566,100.0,100.0,100.0,99.9,99.3,95.8,66.0,33.0,32.7,1432,11.2
567,100.0,100.0,100.0,99.9,99.6,95.7,71.0,38.0,29.7,1488,15.8
568,100.0,100.0,100.0,99.8,99.3,95.5,56.0,21.0,32.3,1399,7.4
569,100.0,100.0,100.0,99.8,99.3,95.5,56.0,21.0,30.7,1488,14.4
570,100.0,99.7,99.7,99.6,99.2,96.1,70.0,37.0,30.4,1494,13.7
571,100.0,100.0,100.0,99.8,99.2,95.4,54.0,15.0,30.4,1500,15.2
572,100.0,100.0,99.9,99.8,99.3,96.0,82.0,42.0,31.3,1442,9.3
573,100.0,100.0,99.9,99.8,99.3,96.0,82.0,42.0,30.5,1527,15.4
574,100.0,100.0,100.0,99.9,99.4,96.0,58.0,18.0,30.0,1517,16.5
575,100.0,100.0,100.0,99.8,99.1,95.7,65.0,31.0,30.1,1492,14.0
576,100.0,100.0,100.0,99.9,99.4,94.6,56.0,25.0,30.9,1517,16.3
577,100.0,100.0,100.0,99.9,99.5,94.7,61.0,29.0,29.9,1505,14.0
578,100.0,100.0,100.0,99.8,97.7,88.9,49.0,20.0,30.5,1505,15.5
579,100.0,100.0,100.0,99.8,99.4,96.1,47.0,13.0,31.4,1396,7.2
580,100.0,100.0,100.0,99.8,99.4,96.1,47.0,13.0,30.0,1514,16.5
581,100.0,100.0,100.0,99.9,98.2,86.2,50.0,24.0,30.6,1509,16.3
582,100.0,100.0,100.0,99.9,98.5,91.8,53.0,24.0,29.1,1498,15.6
583,100.0,100.0,100.0,99.8,98.5,90.6,56.0,28.0,30.6,1500,15.1
584,100.0,100.0,100.0,99.9,98.8,86.1,54.0,23.0,29.9,1488,12.2
585,100.0,100.0,100.0,100.0,98.9,86.4,49.0,20.0,29.8,1518,15.3
586,100.0,100.0,100.0,100.0,98.4,84.7,48.0,22.0,28.7,1512,13.7
587,100.0,100.0,100.0,99.9,99.0,95.3,52.0,22.0,30.7,1461,7.4
588,100.0,100.0,100.0,99.7,98.5,95.4,64.0,28.0,29.3,1491,15.5
589,100.0,100.0,100.0,99.9,99.3,94.4,57.0,24.0,31.5,1432,7.9
590,100.0,100.0,99.39,98.48,89.06,49.99,29.0,9.0,12.1,1815,14.0
591,100.0,100.0,84.82,74.77,62.74,40.19,33.0,11.0,16.5,1729,20.0
592,100.0,95.22,95.98,94.45,72.86,36.65,30.0,9.0,16.5,1660,9.0
593,100.0,98.3,90.7,83.41,73.01,44.72,36.0,15.0,16.2,1718,7.0
594,100.0,99.33,92.99,88.84,83.58,57.63,35.0,13.0,20.2,1605,10.5
595,100.0,100.0,100.0,99.12,77.31,35.04,31.0,12.0,10.7,1907,23.5
596,100.0,100.0,99.08,97.5,93.78,57.99,38.0,16.0,18.0,1693,11.0
597,100.0,100.0,96.21,93.92,86.27,49.44,34.0,12.0,19.8,1629,3.0
598,100.0,100.0,98.16,96.75,90.54,39.64,28.0,11.0,15.4,1757,6.0
599,100.0,100.0,94.33,91.22,81.52,44.63,33.0,13.0,16.6,1714,5.5
600,100.0,100.0,95.45,92.04,78.95,44.65,38.0,16.0,18.8,1664,5.0
601,100.0,99.6,97.86,93.91,83.39,48.05,34.0,17.0,16.3,1728,8.7
602,95.7,72.52,49.07,32.01,20.02,12.11,37.0,13.0,12.7,1842,30.0
603,97.61,65.4,45.43,32.08,24.46,16.31,35.0,12.0,9.0,2047,73.5
604,100.0,73.58,48.19,36.83,31.29,23.57,41.0,14.0,14.8,1763,26.5
605,100.0,75.21,46.49,33.01,26.26,20.89,42.0,14.0,14.6,1749,41.0
606,99.29,73.42,45.21,30.99,26.59,19.17,32.0,11.0,12.7,1835,39.0
607,100.0,70.32,49.13,35.02,29.55,17.55,29.0,10.0,10.1,1965,67.0
608,100.0,73.87,55.6,40.63,35.15,18.89,28.0,9.0,10.5,1967,34.0
609,96.89,72.84,48.56,35.55,27.78,15.82,33.0,12.0,10.0,2031,87.0
610,100.0,66.54,43.56,34.16,31.13,23.5,40.0,13.0,13.8,1853,48.0
611,97.13,53.56,35.97,27.92,25.43,19.72,37.0,11.0,12.8,1925,70.0
612,95.83,68.69,57.7,47.73,35.78,20.55,28.0,12.0,7.7,2107,30.0
613,95.46,83.8,64.04,51.58,42.23,27.7,30.0,12.0,13.4,1861,14.0
614,100.0,79.34,64.36,53.1,42.53,24.54,22.0,8.0,7.2,2914,56.5
615,100.0,88.96,68.61,66.88,57.57,38.29,35.0,13.0,16.9,1783,11.0
616,97.67,85.0,74.61,62.47,50.58,33.46,26.0,9.0,8.4,2074,26.0
617,100.0,88.45,78.39,70.02,64.79,46.79,27.0,11.0,9.3,2053,20.0
618,100.0,97.03,93.16,89.96,85.84,71.34,33.0,13.0,12.1,1873,30.0
619,88.57,80.36,65.34,56.59,22.72,2.49,23.0,6.0,9.3,2069,32.0
620,93.75,77.8,67.43,59.26,39.66,21.67,22.0,6.0,8.6,2073,30.0
621,97.89,92.88,85.97,80.32,70.62,51.73,39.0,16.0,16.8,1683,10.0
622,91.97,79.37,61.62,52.16,43.41,30.27,30.0,10.0,11.8,1909,19.5
623,90.73,73.78,57.5,47.64,35.87,30.94,28.0,8.0,11.6,1911,18.5
624,100.0,98.52,96.69,94.96,90.49,55.6,31.0,9.0,16.3,1738,8.5
625,98.49,81.64,60.84,43.29,30.39,20.69,38.0,15.0,11.6,1933,22.0
626,96.93,89.47,58.11,44.02,32.52,22.79,40.0,14.0,13.5,1908,40.0
627,100.0,99.93,98.0,97.04,90.78,70.75,39.0,13.0,22.2,1597,9.0
628,94.04,57.11,38.3,27.9,25.84,22.8,53.0,21.0,10.0,1886,35.0
629,96.84,52.03,38.53,27.85,26.54,23.09,49.0,17.0,8.9,1991,68.0
630,100.0,98.0,96.0,91.0,73.0,52.0,44.0,17.0,17.3,1641,10.5
631,100.0,98.0,86.0,64.0,32.0,22.0,36.0,15.0,11.5,1857,9.0
632,100.0,100.0,98.0,88.0,59.0,44.0,53.0,21.0,16.5,1632,10.5
633,100.0,98.0,96.0,73.0,41.0,29.0,42.0,19.0,14.3,1739,11.0
634,100.0,96.0,88.0,85.0,79.0,32.0,22.0,9.0,13.0,1868,8.0
635,100.0,100.0,99.0,96.0,93.0,65.0,33.0,13.0,16.4,1673,11.0
636,100.0,100.0,100.0,98.0,90.0,51.0,28.0,11.0,15.8,1742,7.2
637,100.0,81.2,66.2,56.4,43.9,28.2,36.3,11.0,15.5,1800,21.5
638,100.0,80.5,64.2,54.7,42.0,28.2,38.6,11.1,15.6,1919,29.1
639,100.0,74.6,56.1,42.4,32.1,20.5,36.5,11.4,11.5,1906,25.5
640,100.0,73.3,55.2,44.0,32.5,20.0,36.5,11.2,11.0,2040,47.9
641,100.0,81.4,64.7,56.4,44.9,31.6,34.0,11.2,16.1,1804,18.7
642,100.0,80.1,64.0,54.3,42.4,29.3,37.4,11.6,15.7,1889,29.6
643,100.0,75.7,60.3,49.2,38.0,25.2,37.2,11.3,12.6,1865,22.2
644,100.0,75.3,58.9,48.8,36.5,23.2,37.2,11.0,12.1,1963,43.5
645,100.0,77.9,59.1,45.6,33.6,20.4,38.2,11.8,12.12,1859,24.0
646,100.0,76.4,58.3,45.6,33.1,19.5,37.3,11.2,11.2,1992,46.8
647,100.0,100.0,99.9,99.2,80.9,53.4,37.0,8.0,21.2,1615,10.4
648,100.0,95.8,90.6,81.4,68.1,55.2,46.0,10.0,32.2,1300,23.5
649,100.0,99.6,98.5,97.8,93.0,69.3,37.0,12.0,22.0,1562,7.7
650,100.0,100.0,100.0,99.4,61.2,38.8,41.0,6.0,27.0,1420,14.7
651,100.0,100.0,100.0,99.4,62.2,38.8,41.0,6.0,24.8,1572,22.8
652,100.0,100.0,100.0,99.6,97.3,82.6,65.0,20.0,26.6,1320,5.0
653,100.0,92.6,84.0,78.1,70.8,61.0,40.0,10.0,26.2,1338,4.0
654,100.0,92.6,84.0,78.1,70.8,61.0,40.0,10.0,25.6,1548,14.0
655,100.0,99.4,97.4,94.0,88.2,76.6,45.0,10.0,21.2,1492,6.4
656,100.0,99.4,97.4,94.0,88.2,76.6,45.0,10.0,23.6,1500,9.9
657,100.0,100.0,100.0,99.9,99.0,85.7,64.0,13.0,21.0,1474,2.5
658,100.0,99.5,99.5,95.2,92.6,75.0,41.0,8.0,28.8,1389,9.8
659,100.0,99.5,99.5,95.2,92.6,75.0,41.0,8.0,27.0,1462,12.8
660,100.0,100.0,99.9,99.3,85.4,62.5,51.0,6.0,20.8,1246,8.8
661,100.0,100.0,99.9,99.3,85.4,62.5,51.0,6.0,18.6,1420,15.4
662,100.0,100.0,99.8,99.4,86.1,63.2,51.0,14.0,26.0,1240,9.0
663,100.0,100.0,99.2,98.9,96.6,51.0,36.0,9.0,21.2,1650,6.9
664,100.0,100.0,99.2,98.9,96.6,51.0,36.0,9.0,18.4,1690,8.4
665,100.0,100.0,99.3,99.2,97.2,89.3,50.0,10.0,28.8,1360,2.7
666,100.0,100.0,100.0,99.5,98.3,62.5,36.0,8.0,24.6,1550,18.0
667,100.0,100.0,100.0,99.5,98.3,62.5,36.0,8.0,21.8,1650,23.0
668,100.0,99.9,99.4,99.1,98.4,89.2,58.0,16.0,32.2,1308,4.8
669,100.0,99.7,99.3,99.1,98.0,66.5,48.0,7.0,21.2,1640,22.0
670,100.0,99.9,99.9,99.7,98.4,77.8,43.0,8.0,35.6,1210,4.5
671,100.0,100.0,100.0,99.9,98.3,83.9,61.0,12.0,36.0,1350,13.2
672,100.0,100.0,100.0,99.9,98.3,83.9,61.0,12.0,35.4,1370,13.2
673,100.0,100.0,100.0,99.5,97.8,89.0,76.0,28.0,23.3,1485,2.7
674,100.0,100.0,99.9,99.7,95.8,92.2,50.0,11.0,22.0,1562,12.4
675,100.0,100.0,99.9,99.7,95.8,92.2,50.0,11.0,22.4,1616,13.8
676,100.0,100.0,100.0,99.9,99.0,76.3,56.0,12.0,34.4,1335,11.5
677,100.0,92.9,87.8,82.6,65.7,38.7,46.0,14.0,30.6,1438,15.0
678,100.0,92.9,97.8,82.6,65.7,38.7,46.0,14.0,29.4,1540,18.8
679,100.0,100.0,100.0,100.0,93.1,78.3,54.0,13.0,29.0,1416,14.0
680,100.0,100.0,100.0,94.4,83.0,62.5,40.0,11.0,21.8,1450,9.6
681,100.0,99.1,93.8,85.6,79.3,56.7,38.0,8.0,29.6,1435,11.0
682,100.0,100.0,100.0,93.8,92.2,80.5,45.0,11.0,27.8,1442,24.5
683,100.0,100.0,100.0,99.6,98.6,58.3,38.0,7.0,21.8,1534,13.2
684,100.0,100.0,100.0,99.6,98.6,58.3,38.0,7.0,20.4,1540,14.5
685,100.0,100.0,99.9,99.5,97.7,60.0,35.0,6.0,20.2,1670,21.0
686,100.0,100.0,99.7,99.0,95.2,82.8,56.0,11.0,31.0,1364,12.4
687,100.0,100.0,99.7,97.5,95.8,82.9,49.0,13.0,29.4,1290,13.2
688,100.0,100.0,99.7,97.4,95.4,78.2,52.0,11.0,31.8,1310,12.4
689,100.0,100.0,99.7,97.4,95.4,78.2,52.0,11.0,30.6,1360,12.6
690,100.0,100.0,99.4,98.0,98.0,96.4,79.0,15.0,29.0,1260,2.5
691,100.0,100.0,99.4,98.0,98.0,96.4,79.0,19.0,28.8,1270,2.6
692,100.0,100.0,100.0,99.8,99.7,98.5,81.0,19.0,38.2,1150,4.6
693,100.0,100.0,100.0,99.8,99.7,98.5,81.0,16.0,36.6,1218,4.8
694,100.0,100.0,100.0,98.1,89.7,78.7,54.0,10.0,27.4,1414,8.5
695,100.0,100.0,100.0,98.1,89.7,78.7,54.0,10.0,27.0,1450,10.8
696,100.0,100.0,99.6,98.8,95.7,75.3,46.0,12.0,30.4,1392,13.8
697,100.0,100.0,100.0,99.9,98.8,79.8,41.0,9.0,27.0,1445,11.2
698,100.0,100.0,100.0,99.9,98.8,79.8,41.0,9.0,23.4,1494,14.0
699,100.0,100.0,100.0,99.8,95.2,82.6,46.0,8.0,29.6,1478,11.2
700,100.0,99.5,100.0,99.8,95.2,82.6,46.0,8.0,27.4,1524,20.4
701,100.0,100.0,99.3,99.7,96.3,67.8,46.0,8.0,25.4,1542,14.7
702,100.0,100.0,100.0,99.9,99.4,82.2,40.0,8.0,25.4,1532,14.4
703,100.0,100.0,100.0,99.7,99.5,74.1,41.0,8.0,25.4,1515,7.8
704,100.0,100.0,99.9,99.7,99.3,74.8,40.0,9.0,21.8,1574,21.8
705,100.0,99.0,99.9,95.8,99.3,74.8,40.0,9.0,20.6,1660,13.2
706,100.0,99.0,96.3,95.8,95.4,43.6,24.0,4.0,15.8,1808,11.2
707,100.0,100.0,96.3,99.8,95.4,43.6,24.0,4.0,14.8,1900,26.0
708,100.0,100.0,99.9,99.8,99.2,95.2,70.0,22.0,30.8,1380,2.5
709,100.0,100.0,99.9,99.5,93.0,95.2,70.0,22.0,29.6,1445,2.5
710,100.0,100.0,99.7,98.2,96.6,73.7,72.0,19.0,25.6,1462,2.6
711,100.0,100.0,99.6,98.2,96.6,60.7,30.0,6.0,20.0,1577,5.4
712,100.0,100.0,99.6,99.4,77.4,60.7,30.0,6.0,18.0,1620,11.2
713,100.0,100.0,100.0,98.3,98.3,81.0,44.0,9.0,29.0,1510,16.0
714,100.0,100.0,100.0,98.3,98.3,81.0,44.0,9.0,25.8,1540,19.5
715,100.0,100.0,100.0,99.1,98.0,79.2,41.0,7.0,22.6,1430,11.0
716,100.0,100.0,100.0,99.9,99.2,78.6,43.0,10.0,29.2,1420,12.8
717,100.0,100.0,100.0,99.9,99.2,78.6,43.0,10.0,28.0,1526,21.0
718,100.0,100.0,100.0,99.7,98.4,81.9,45.0,11.0,25.2,1520,19.5
719,100.0,100.0,99.8,99.1,92.5,68.6,44.0,8.0,31.0,1432,16.2
720,100.0,100.0,99.8,99.1,92.5,68.6,44.0,8.0,30.0,1435,20.0
721,100.0,100.0,100.0,99.9,90.7,63.1,45.0,9.0,16.6,1430,9.8
722,100.0,99.7,99.4,99.2,95.4,62.6,31.0,6.0,16.6,1648,9.8
723,100.0,99.7,99.4,99.2,95.4,62.6,31.0,6.0,16.2,1674,12.6
724,100.0,99.8,99.7,99.6,98.1,88.4,37.0,7.0,17.6,1712,16.2
725,100.0,100.0,100.0,100.0,99.1,91.4,41.0,5.0,30.8,1484,4.4
726,100.0,100.0,100.0,100.0,100.0,99.1,41.0,5.0,29.0,1498,8.4
727,100.0,100.0,100.0,99.8,99.8,99.4,44.0,7.0,28.8,1496,7.8
728,100.0,100.0,99.6,95.7,79.6,61.3,42.0,2.0,32.0,1446,5.8
729,100.0,100.0,99.6,95.7,79.6,61.3,42.0,2.0,29.8,1468,9.6
730,100.0,100.0,100.0,98.4,62.0,49.0,44.0,8.0,30.4,1542,33.2
731,100.0,100.0,100.0,99.8,98.2,82.5,43.0,10.0,30.2,1434,8.8
732,100.0,100.0,100.0,99.0,95.8,78.0,43.0,11.0,23.6,1530,18.0
733,100.0,100.0,100.0,99.6,97.2,84.0,40.0,7.0,31.2,1400,16.8
734,100.0,100.0,100.0,99.6,97.2,84.0,40.0,7.0,29.6,1450,19.0
735,100.0,100.0,100.0,99.9,99.2,85.0,42.0,5.0,30.4,1470,10.0
736,100.0,100.0,99.8,98.7,89.9,73.9,45.0,13.0,31.8,1480,4.0
737,100.0,100.0,99.8,98.7,89.9,73.9,45.0,13.0,31.2,1500,11.2
738,100.0,100.0,100.0,100.0,51.0,30.5,43.0,8.0,28.0,1520,12.2
739,100.0,100.0,100.0,99.5,97.3,90.3,43.0,10.0,29.0,1506,5.4
740,100.0,100.0,100.0,99.5,97.3,90.3,43.0,10.0,26.4,1560,13.0
741,100.0,100.0,99.9,99.7,98.1,81.4,47.0,8.0,25.0,1310,10.4
742,100.0,100.0,100.0,99.9,99.2,86.5,54.0,12.0,30.8,1464,15.8
743,100.0,100.0,100.0,99.9,99.5,63.0,29.0,4.0,20.8,1620,6.0
744,100.0,100.0,100.0,99.9,99.6,94.0,39.0,6.0,32.4,1464,8.6
745,100.0,100.0,100.0,99.9,99.6,94.0,39.0,6.0,26.6,1472,13.0
746,100.0,100.0,99.9,99.7,99.4,87.9,49.0,9.0,34.4,1410,4.8
747,100.0,100.0,99.9,99.5,96.4,87.3,38.0,6.0,28.6,1418,7.9
748,100.0,100.0,99.7,99.8,98.7,80.9,45.0,8.0,33.0,1464,6.6
749,100.0,100.0,100.0,99.8,98.7,80.9,45.0,8.0,26.6,1500,20.0
750,100.0,100.0,99.9,99.9,99.0,83.9,49.0,9.0,32.2,1448,14.4
751,100.0,98.0,98.0,98.7,89.3,73.0,43.0,7.0,28.0,1470,12.8
752,100.0,98.0,98.0,95.7,89.3,73.0,43.0,7.0,25.2,1480,13.2
753,100.0,90.4,90.4,86.5,82.3,76.4,56.0,21.0,31.8,1410,9.2
754,100.0,90.4,90.4,86.5,82.3,76.4,56.0,21.0,25.2,1466,13.4
755,100.0,99.8,99.8,99.4,98.7,92.8,48.0,6.0,30.6,1390,8.8
756,100.0,100.0,99.8,99.4,98.7,92.8,48.0,6.0,30.4,1458,13.2
757,100.0,100.0,100.0,99.6,98.4,90.7,49.0,7.0,32.4,1430,12.2
758,100.0,100.0,99.8,99.5,99.0,94.0,49.0,7.0,32.4,1400,8.4
759,100.0,100.0,100.0,99.8,99.4,92.5,48.0,9.0,33.4,1354,8.2
760,100.0,100.0,100.0,99.8,99.4,92.5,48.0,9.0,30.6,1386,2.2
761,100.0,100.0,100.0,99.7,99.2,83.0,51.0,10.0,30.6,1474,10.8
762,100.0,100.0,99.7,99.6,98.4,86.6,47.0,14.0,34.6,1370,7.8
763,100.0,100.0,99.7,99.6,98.4,86.6,47.0,14.0,33.8,1426,12.2
764,100.0,100.0,100.0,99.8,96.3,72.3,48.0,8.0,31.4,1506,13.2
765,100.0,100.0,99.8,99.5,98.6,87.2,46.0,10.0,30.6,1378,12.1
766,100.0,100.0,99.8,99.5,98.6,87.2,46.0,10.0,29.6,1438,16.4
767,100.0,100.0,100.0,99.5,96.2,74.5,50.0,12.0,31.2,1375,11.0
768,100.0,97.3,96.8,96.2,94.6,89.7,42.0,4.0,38.2,1336,7.8
769,100.0,97.3,96.8,96.2,94.6,89.7,42.0,4.0,36.4,1450,9.6
770,100.0,96.5,95.9,95.1,93.9,88.3,51.0,10.0,27.0,1445,15.2
771,100.0,100.0,99.9,99.5,97.8,91.6,47.0,8.0,25.4,1400,8.9
772,100.0,100.0,99.9,99.5,97.8,91.6,47.0,8.0,28.0,1510,10.0
773,100.0,100.0,99.7,99.3,97.6,90.9,47.0,14.0,33.0,1414,11.0
774,100.0,100.0,100.0,99.7,98.2,82.6,40.0,7.0,30.0,1450,2.4
775,100.0,100.0,100.0,99.7,98.2,82.6,40.0,7.0,28.2,1450,9.2
776,100.0,100.0,100.0,99.9,98.1,93.5,64.0,35.0,34.8,1285,9.2
777,100.0,100.0,100.0,99.9,98.1,93.5,64.0,35.0,33.0,1360,10.6
778,100.0,100.0,100.0,100.0,97.4,92.2,58.0,11.0,26.6,1376,11.0
779,100.0,100.0,99.9,98.8,99.4,71.3,36.0,8.0,26.0,1580,10.8
780,100.0,99.3,99.1,98.5,96.9,90.4,55.0,14.0,20.0,2180,3.7
781,100.0,100.0,100.0,99.8,98.7,83.8,48.0,10.0,29.6,1476,8.6
782,100.0,100.0,100.0,99.8,98.7,83.8,48.0,10.0,28.2,1494,17.0
783,100.0,100.0,100.0,100.0,98.9,84.0,46.0,7.0,31.4,1464,9.8
784,100.0,100.0,100.0,100.0,98.9,84.0,46.0,7.0,28.8,1526,18.0
785,100.0,100.0,99.8,99.6,98.7,63.5,36.0,9.0,17.0,1734,22.0
786,100.0,100.0,99.9,99.8,96.6,69.5,32.0,5.0,15.4,1680,5.1
787,100.0,100.0,99.9,99.9,99.5,48.7,20.0,4.0,13.6,1817,13.2
788,100.0,100.0,100.0,99.9,99.4,57.2,28.0,5.0,16.2,1780,14.4
789,100.0,100.0,100.0,99.7,98.6,60.4,29.0,8.0,15.6,1770,12.6
790,100.0,100.0,100.0,99.8,99.3,62.2,35.0,7.0,22.2,1568,12.0
791,100.0,100.0,100.0,99.7,97.1,62.1,39.0,11.0,22.0,1550,8.8
792,100.0,100.0,99.9,99.8,98.9,67.6,38.0,9.0,23.2,1652,12.4
793,100.0,100.0,100.0,99.9,99.4,89.4,43.0,8.0,36.0,1332,6.3
794,100.0,100.0,100.0,99.9,99.4,89.4,43.0,8.0,33.4,1384,12.0
795,100.0,100.0,99.9,99.6,98.2,87.9,46.0,10.0,32.2,1398,11.2
796,100.0,100.0,99.9,99.4,86.6,89.3,45.0,10.0,33.0,1390,8.9
797,100.0,100.0,99.6,99.4,86.6,89.3,45.0,10.0,31.0,1500,14.8
798,100.0,100.0,100.0,99.9,99.4,89.1,39.0,4.0,30.2,1464,16.4
799,100.0,95.4,93.6,90.4,77.6,63.1,37.0,7.0,21.6,1602,4.4
800,100.0,95.4,93.6,90.4,77.6,63.1,35.0,8.0,19.2,1694,86.0
