No. da Amostra,25.4mm,9.5mm,4.8mm,2.0mm,0.42mm,0.076mm,LL,IP,Umidade Ótima,Densidade máxima,CBR,coluna_13
1,100.0,100.0,98.36,94.38,86.11,67.76,28.3,10.8,22.68,1639.0,9.3,
2,100.0,100.0,98.42,94.66,85.89,67.68,26.8,14.9,22.54,1642.0,8.9,
3,100.0,100.0,98.06,94.59,86.27,67.79,27.6,16.8,22.82,1621.0,10.2,
4,100.0,100.0,98.2,94.53,85.77,70.19,29.8,16.8,22.74,1637.0,10.4,
5,100.0,99.56,97.75,93.71,85.01,69.02,35.2,16.7,22.65,1642.0,9.4,
6,100.0,99.52,97.73,93.82,84.65,65.03,27.8,13.6,22.46,1635.0,7.9,
7,100.0,100.0,98.21,94.49,85.73,69.73,37.1,16.6,22.48,1637.0,10.4,
8,100.0,99.56,97.85,93.83,86.93,68.56,33.5,17.9,22.52,1642.0,10.4,
9,100.0,99.58,97.93,93.88,85.12,69.67,38.0,14.9,21.47,1632.0,9.6,
10,100.0,99.52,97.38,93.6,84.42,67.13,36.3,16.7,22.12,1646.0,9.4,
11,100.0,99.42,97.72,93.99,85.72,70.68,28.7,14.1,22.48,1637.0,8.7,
12,100.0,99.53,98.34,94.93,86.61,70.17,25.5,12.7,21.94,1630.0,10.0,
13,100.0,100.0,98.25,94.69,84.47,66.52,38.2,11.7,22.57,1637.0,11.3,
14,100.0,99.48,97.83,93.94,85.24,67.37,37.7,15.6,22.48,1642.0,10.8,
15,100.0,99.58,97.84,94.07,85.37,66.64,27.8,15.4,22.82,1629.0,10.1,
16,100.0,99.43,97.49,94.04,86.26,70.51,31.7,13.9,21.2,1636.0,10.9,
17,100.0,99.57,97.71,94.29,85.99,70.45,26.7,15.4,21.55,1633.0,10.2,
18,100.0,99.52,97.88,94.56,85.73,69.27,33.4,12.9,21.75,1629.0,11.3,
19,100.0,99.53,97.88,94.51,84.76,67.21,36.9,9.1,22.1,1635.0,10.5,
20,100.0,99.52,97.84,94.28,83.07,65.07,32.4,13.9,21.74,1636.0,10.9,
21,100.0,99.52,97.76,93.88,84.65,66.84,28.3,11.3,22.62,1639.0,11.4,
22,100.0,99.42,97.72,93.9,85.6,69.68,31.4,14.1,21.76,1636.0,11.5,
23,100.0,99.37,97.67,93.95,84.75,66.93,27.2,4.5,22.47,1641.0,10.9,
24,100.0,100.0,100.0,99.2,90.5,71.4,42.3,13.4,22.8,1628.0,14.7,
25,100.0,100.0,100.0,99.5,88.0,67.4,42.2,13.7,22.9,1636.0,13.7,
26,100.0,100.0,100.0,98.8,88.2,70.0,43.5,13.6,23.0,1634.0,15.1,
27,100.0,100.0,100.0,98.8,87.2,66.1,43.9,14.0,22.8,1640.0,14.5,
28,100.0,100.0,100.0,98.8,88.9,66.0,43.2,13.0,23.6,1623.0,13.8,
29,100.0,100.0,100.0,99.4,88.9,67.7,43.8,13.8,23.3,1630.0,14.7,
30,100.0,100.0,100.0,99.1,86.4,64.0,43.2,13.5,23.6,1614.0,13.4,
31,100.0,100.0,100.0,93.3,89.3,65.0,42.0,13.6,23.2,1622.0,14.0,
32,100.0,100.0,100.0,97.3,87.6,63.6,44.4,14.4,23.7,1572.0,15.5,
33,100.0,100.0,100.0,97.5,87.0,64.3,43.2,14.1,24.0,1567.0,14.2,
34,100.0,100.0,100.0,100.0,77.0,37.78,40.0,12.0,22.1,1440.0,7.4,
35,100.0,100.0,100.0,100.0,77.91,36.31,39.0,13.0,22.1,1435.0,7.7,
36,100.0,100.0,100.0,100.0,77.97,40.26,39.0,15.0,22.9,1449.0,7.2,
37,100.0,100.0,100.0,100.0,77.97,37.61,37.0,13.0,22.0,1445.0,7.1,
38,100.0,100.0,98.89,95.57,85.65,62.19,39.0,12.0,22.4,1555.0,11.0,
39,100.0,100.0,98.89,95.39,85.45,61.28,40.0,14.0,22.7,1552.0,14.5,
40,100.0,100.0,98.97,95.53,86.93,62.07,39.0,12.0,22.2,1528.0,12.7,
41,100.0,100.0,99.11,95.51,87.9,62.63,39.0,12.0,22.3,1526.0,12.7,
42,100.0,100.0,100.0,100.0,77.72,40.4,38.0,12.0,22.5,1457.0,7.7,
43,100.0,100.0,100.0,100.0,78.0,41.68,39.0,13.0,22.8,1409.0,7.4,
44,100.0,100.0,100.0,100.0,75.83,36.3,39.0,10.0,22.5,1475.0,9.9,
45,100.0,100.0,100.0,99.9,95.7,91.4,59.0,21.0,30.3,1463.0,6.7,
46,100.0,100.0,100.0,99.9,96.9,91.9,60.0,22.0,31.4,1452.0,8.4,
47,100.0,100.0,99.9,99.9,97.9,93.3,54.0,16.0,28.6,1462.0,13.3,
48,100.0,100.0,99.9,99.8,98.2,95.3,54.0,16.0,31.4,1448.0,4.4,
49,100.0,100.0,100.0,99.8,96.6,92.2,53.0,15.0,30.2,1449.0,7.7,
50,100.0,100.0,100.0,99.9,95.5,91.0,54.0,16.0,30.9,1459.0,5.4,
51,100.0,100.0,99.8,98.4,95.0,90.7,50.0,12.0,28.1,1510.0,6.9,
52,99.9,99.9,99.9,99.4,96.2,91.9,52.0,18.0,29.4,1447.0,6.0,
53,99.9,99.9,100.0,99.8,96.7,92.1,57.0,22.0,28.8,1469.0,7.3,
54,99.9,99.9,100.0,99.9,96.3,92.0,58.0,20.0,30.3,1458.0,8.7,
55,99.9,99.9,99.9,99.4,96.1,93.0,54.0,22.0,28.1,1491.0,6.7,
56,99.9,99.9,100.0,99.9,97.2,93.7,57.0,22.0,30.7,1438.0,7.3,
57,99.9,99.9,100.0,99.8,97.7,90.0,55.0,18.0,30.1,1426.0,8.8,
58,99.9,99.9,100.0,99.8,97.4,90.9,55.0,20.0,29.0,1477.0,9.7,
59,100.0,100.0,100.0,99.9,98.1,93.0,55.0,19.0,29.8,1442.0,11.3,
60,100.0,100.0,100.0,99.9,97.7,94.7,56.0,20.0,29.3,1450.0,10.6,
61,100.0,100.0,99.9,99.7,95.5,90.6,56.0,22.0,29.6,1482.0,7.6,
62,96.7,81.3,58.1,45.2,31.3,20.8,35.0,8.0,10.4,1990.0,45.7,
63,99.5,91.2,65.8,50.7,37.5,21.51,33.0,8.0,11.0,1940.0,42.3,
64,99.9,92.5,76.2,62.1,49.5,33.2,37.0,11.0,12.0,1942.0,40.5,
65,98.8,84.7,61.1,42.3,28.6,18.7,36.0,9.0,10.1,1940.0,40.5,
66,99.6,92.6,56.4,34.0,30.9,21.9,34.0,8.0,11.0,1935.0,45.2,
67,99.2,92.5,71.4,49.2,32.7,22.5,34.0,8.0,12.0,1978.0,43.8,
68,97.4,91.3,70.7,53.6,48.4,33.2,30.0,10.0,11.7,1933.0,40.3,
69,97.7,88.4,73.0,61.9,42.7,25.5,34.0,8.0,10.0,1950.0,39.2,
70,99.6,89.6,60.8,41.5,28.9,19.3,34.0,7.0,10.8,1925.0,43.3,
71,98.6,90.2,66.2,46.6,32.4,10.3,33.0,5.0,10.0,1980.0,31.9,
72,98.6,85.3,62.3,43.2,37.6,25.1,35.0,10.0,14.0,1960.0,36.6,
73,98.6,86.2,62.7,47.4,34.7,23.4,34.0,9.0,11.2,1940.0,30.8,
74,98.0,91.8,72.3,54.8,40.9,25.8,32.0,8.0,12.1,1962.0,33.0,
75,99.5,91.0,67.5,49.1,37.7,31.8,35.0,9.0,14.0,1940.0,28.6,
76,98.2,91.4,69.2,51.1,41.4,28.5,35.0,10.0,9.2,1960.0,30.8,
77,99.3,90.4,64.2,42.2,30.7,20.2,36.0,10.0,11.9,1990.0,40.5,
78,98.0,89.8,67.0,55.4,47.0,27.1,35.0,9.0,10.0,2000.0,10.2,
79,98.2,87.7,69.8,57.0,47.2,27.4,35.0,9.0,10.5,2040.0,38.1,
80,99.8,93.4,67.2,48.4,39.6,24.4,35.0,9.0,8.4,1970.0,35.3,
81,99.9,90.8,66.2,41.2,34.3,23.8,34.0,8.0,8.8,1935.0,36.6,
82,98.7,88.1,60.6,44.3,31.7,19.7,37.0,8.0,9.6,1950.0,35.0,
83,100.0,99.6,95.9,87.89,78.0,44.0,37.0,10.0,9.0,1947.0,33.7,
84,99.2,74.0,58.3,43.3,33.1,24.0,32.0,8.0,11.4,1920.0,43.3,
85,98.7,89.9,72.2,60.9,51.2,33.6,35.0,11.0,12.8,1920.0,43.3,
86,98.8,93.2,80.8,69.0,51.2,28.6,33.0,9.0,11.4,1940.0,43.7,
87,99.6,92.6,56.4,34.0,30.9,21.1,37.0,10.0,9.0,1970.0,44.1,
88,98.3,93.1,72.8,56.0,50.2,34.1,35.0,11.0,11.2,1960.0,38.8,
89,99.0,90.7,74.5,63.4,43.5,27.7,34.0,8.0,10.0,1900.0,31.7,
90,99.5,92.6,84.3,76.5,65.7,49.4,36.0,8.0,14.2,1835.0,35.9,
91,98.6,93.2,79.6,67.0,44.4,26.0,33.0,9.0,8.0,1931.0,31.6,
92,88.1,70.4,51.21,48.8,37.2,21.0,35.0,8.0,11.8,1940.0,32.1,
93,99.0,90.4,66.5,51.8,38.9,30.36,37.0,9.0,10.0,1970.0,31.4,
94,100.0,95.5,77.2,66.2,55.2,37.9,35.0,7.0,13.8,1900.0,20.5,
95,98.1,81.0,58.0,45.0,31.1,21.8,35.0,9.0,9.2,1995.0,33.7,
96,99.4,92.9,69.7,52.0,39.4,26.3,34.0,10.0,12.0,1950.0,31.6,
97,99.7,93.9,73.1,59.0,50.7,27.6,34.0,9.0,9.2,1980.0,33.7,
98,98.0,87.4,68.0,56.5,46.6,27.9,35.0,9.0,10.8,1980.0,35.2,
99,92.4,69.2,55.4,49.2,36.1,18.5,37.0,8.0,13.6,1980.0,36.6,
100,99.5,89.6,59.4,36.4,29.5,19.67,34.0,8.0,12.2,1940.0,36.6,
101,90.0,64.84,49.9,38.92,29.34,15.68,32.0,10.0,8.6,2025.0,60.45,
102,94.6,60.7,48.5,39.5,32.6,22.1,32.0,11.0,8.6,2005.0,45.32,
103,96.2,81.1,63.4,50.8,38.8,22.3,33.0,11.0,10.1,2064.0,57.79,
104,94.2,79.1,68.0,55.3,41.3,26.1,35.0,13.0,8.9,2133.0,49.92,
105,91.4,71.6,61.5,56.0,37.1,19.8,32.0,7.0,9.7,2096.0,39.52,
107,88.4,67.9,54.0,40.0,32.4,25.9,32.0,32.0,7.1,2151.0,54.53,
108,91.6,65.8,53.4,37.8,31.5,24.5,30.0,30.0,7.2,2143.0,57.58,
109,92.1,66.5,55.1,38.5,31.5,25.0,32.0,32.0,7.0,2165.0,60.02,
113,97.3,79.1,63.6,48.5,41.4,33.6,40.0,14.0,10.2,2036.0,58.9,
114,98.4,85.5,59.9,39.5,33.0,25.8,33.0,12.0,11.7,2090.0,54.26,
115,95.0,69.0,52.6,34.5,27.7,19.7,30.1,8.9,6.1,2116.0,85.8,
116,91.3,67.1,58.4,41.2,29.7,23.1,29.0,10.0,7.2,2120.0,115.77,
117,94.6,77.6,64.5,54.7,36.0,15.6,28.0,9.0,8.0,2115.0,82.53,
118,92.5,87.2,75.2,62.1,40.9,23.4,27.0,8.0,7.4,2093.0,45.16,
119,91.06,57.58,46.41,37.09,29.26,15.49,30.0,9.0,8.2,2047.0,27.04,
120,92.7,67.6,57.7,49.6,42.0,28.9,34.0,14.0,10.6,1935.0,21.98,
121,88.6,68.9,58.0,48.9,38.0,21.7,33.0,11.0,9.0,1983.0,24.0,
122,92.4,72.9,61.2,52.2,41.42,25.8,35.0,12.0,11.8,1853.0,42.02,
123,88.8,68.6,53.7,40.2,33.1,27.0,33.0,12.0,9.9,2008.0,39.82,
124,97.9,82.6,62.3,46.6,41.3,26.0,31.0,11.0,10.9,2064.0,38.31,
125,94.9,77.5,61.6,48.3,41.0,27.6,34.0,12.0,10.9,2036.0,40.83,
126,96.7,77.8,62.0,51.3,45.4,37.0,36.0,13.0,11.3,1790.0,37.51,
127,100.0,100.0,98.0,93.6,75.2,49.6,40.0,15.0,14.5,1688.0,12.78,
128,96.0,74.7,54.2,41.2,30.2,17.6,31.0,12.0,12.0,1937.0,31.62,
129,96.0,79.3,68.1,52.4,41.0,23.6,29.0,9.0,8.9,2035.0,74.42,
130,96.0,81.0,62.0,43.1,28.8,16.6,38.0,14.0,10.0,2046.0,24.71,
131,97.9,83.7,55.6,40.5,30.4,20.7,41.0,15.0,12.5,1931.0,43.91,
132,92.7,74.0,58.8,43.5,31.9,18.7,30.0,9.0,13.3,1931.0,22.88,
133,97.7,85.1,69.8,53.4,41.1,23.2,33.0,11.0,10.6,1979.0,20.32,
134,98.9,86.3,63.3,43.3,36.0,27.6,34.0,13.0,12.1,1938.0,26.31,
135,98.0,88.2,70.1,42.2,33.5,26.1,33.0,12.5,9.6,1996.0,33.6,
136,93.8,69.2,51.3,35.0,28.5,20.5,29.6,8.4,10.5,1994.0,33.1,
137,93.7,91.3,66.8,53.9,36.8,16.9,29.0,11.0,8.4,2035.0,41.62,
138,92.2,80.0,67.7,53.4,35.3,15.7,35.0,12.0,8.7,2029.0,45.18,
139,93.0,81.7,68.9,55.0,36.9,17.3,29.0,11.0,7.6,2081.0,49.5,
140,100.0,100.0,100.0,97.1,92.4,76.1,41.0,16.0,17.0,1592.0,13.22,
141,100.0,100.0,98.97,95.57,83.62,51.61,38.0,16.0,16.3,1603.0,8.29,
142,100.0,99.5,99.3,98.4,94.3,52.1,37.0,17.0,16.1,1762.0,15.85,
143,100.0,100.0,99.5,98.5,93.1,50.2,37.0,15.0,17.4,1664.0,11.2,
144,97.0,88.9,85.4,80.9,70.3,46.9,35.0,15.0,16.3,1595.0,7.43,
145,100.0,100.0,99.0,95.1,87.0,64.9,38.0,17.0,18.14,1570.0,8.45,
146,100.0,100.0,99.5,97.0,86.0,61.3,42.0,17.0,17.8,1618.0,9.13,
147,97.9,80.5,60.5,45.0,40.0,25.5,35.0,13.0,8.8,1947.0,16.64,
148,93.9,79.4,70.5,63.5,52.7,35.2,38.0,13.0,15.4,1849.0,13.81,
149,100.0,99.6,98.9,97.5,85.7,59.1,43.0,19.0,25.3,1510.0,7.32,
150,100.0,100.0,100.0,97.0,81.3,55.7,42.0,16.0,16.2,1543.0,6.14,
151,100.0,100.0,98.8,96.2,83.6,56.8,43.0,14.0,17.7,1640.0,7.09,
152,98.4,89.9,77.2,68.7,56.6,43.0,40.0,16.0,16.4,1690.0,8.28,
153,100.0,100.0,100.0,98.0,87.7,65.1,41.0,17.0,21.1,1409.0,6.93,
154,96.5,86.3,74.9,63.9,49.6,34.3,42.0,16.0,15.5,1803.0,13.57,
155,97.9,82.5,60.2,45.9,34.5,21.7,37.0,15.0,14.1,1855.0,19.31,
156,100.0,100.0,99.1,98.0,89.4,63.0,42.0,16.0,22.5,1510.0,11.14,
157,100.0,97.3,91.2,83.9,70.9,39.9,38.0,15.0,14.7,1740.0,13.27,
158,100.0,99.8,99.4,98.0,76.8,49.5,42.0,17.0,24.4,1564.0,11.18,
159,100.0,100.0,99.8,98.3,74.2,46.2,39.0,16.0,22.9,1588.0,9.54,
160,98.7,86.5,67.3,48.0,38.8,29.7,34.0,13.0,13.8,1873.0,15.09,
161,100.0,100.0,100.0,97.7,92.6,72.3,37.4,15.1,18.9,1707.0,13.9,
162,100.0,100.0,98.3,92.0,81.7,68.2,39.0,16.2,19.0,1565.0,12.1,
163,93.2,78.1,55.8,44.4,35.5,20.2,30.0,12.0,12.9,1889.0,28.3,
164,94.4,83.8,71.4,58.5,41.9,21.7,35.0,12.0,11.8,1824.0,18.42,
165,100.0,94.9,88.3,80.5,67.7,47.5,46.0,18.0,14.3,1713.0,7.63,
166,100.0,100.0,100.0,98.1,92.9,77.1,43.0,16.0,19.3,1519.0,8.02,
167,100.0,98.1,96.9,96.0,93.1,88.9,55.0,23.0,31.3,1437.0,16.6,
168,100.0,100.0,100.0,99.9,98.3,94.9,61.0,24.0,33.9,1375.0,18.4,
169,100.0,95.0,92.5,90.8,83.4,74.0,53.0,21.0,30.9,1412.0,14.7,
170,100.0,99.3,99.2,98.7,95.1,87.9,58.0,25.0,32.5,1347.0,14.1,
171,100.0,99.2,99.2,99.1,96.5,91.5,57.0,21.0,31.9,1347.0,16.8,
172,100.0,99.3,98.9,98.4,95.5,90.1,58.0,28.0,32.1,1416.0,22.1,
173,100.0,98.2,97.7,97.2,92.4,86.6,54.0,24.0,30.5,1422.0,16.8,
174,100.0,100.0,99.9,99.5,95.4,89.0,57.0,22.0,31.9,1411.0,15.0,
175,100.0,100.0,100.0,99.7,96.9,91.9,55.0,24.0,31.8,1380.0,19.7,
176,100.0,100.0,99.8,99.6,94.7,87.6,54.0,23.0,32.7,1366.0,15.5,
177,100.0,98.3,98.1,97.5,91.9,85.6,57.0,27.0,33.0,1376.0,16.8,
178,100.0,99.8,99.6,99.3,91.8,83.7,54.0,20.0,30.8,1435.0,9.3,
179,100.0,1000.0,99.9,99.7,98.0,94.1,57.0,26.0,30.5,1433.0,15.9,
180,100.0,99.3,99.2,98.9,96.8,91.8,57.0,25.0,32.2,1410.0,19.4,
181,100.0,1000.0,99.9,99.8,95.6,91.1,56.0,24.0,33.0,1358.0,16.2,
182,100.0,99.2,98.8,98.5,95.0,88.3,61.0,30.0,34.3,1326.0,11.3,
183,100.0,96.2,95.6,94.7,90.2,83.9,57.0,22.0,31.3,1375.0,13.2,
184,100.0,98.9,97.3,95.4,90.7,84.4,58.0,24.0,32.5,1322.0,12.2,
185,100.0,100.0,99.9,99.7,85.6,49.7,53.0,19.0,31.7,1428.0,17.6,
186,100.0,99.0,98.7,98.1,94.9,90.6,56.0,22.0,32.2,1395.0,16.8,
187,100.0,98.6,97.5,96.3,92.9,87.4,51.0,19.0,31.9,1369.0,15.8,
188,100.0,98.0,97.6,97.0,94.0,90.1,58.0,24.0,33.1,1352.0,17.1,
189,100.0,100.0,100.0,99.7,97.3,92.4,66.0,26.0,32.9,1397.0,18.0,
190,100.0,99.6,99.4,98.8,97.1,92.4,61.0,29.0,29.0,1524.0,22.0,
191,100.0,99.4,98.8,98.1,96.0,92.3,61.0,27.0,32.6,1365.0,18.1,
192,100.0,96.3,93.8,91.8,87.0,79.3,54.0,23.0,28.7,1441.0,18.1,
193,100.0,100.0,99.9,99.5,97.1,93.0,60.0,28.0,31.6,1394.0,17.4,
194,100.0,100.0,99.9,99.5,97.1,93.0,61.0,27.0,31.9,1424.0,21.7,
195,100.0,100.0,99.6,97.8,95.4,84.1,52.4,11.1,29.0,1423.0,10.3,
196,100.0,100.0,100.0,99.8,97.1,95.1,60.6,14.6,35.6,1349.0,9.4,
197,100.0,100.0,96.3,93.8,90.2,88.2,56.4,9.2,32.7,1385.0,10.3,
198,100.0,100.0,97.9,96.3,90.8,86.7,54.1,7.4,31.2,1404.0,9.2,
199,100.0,100.0,99.9,99.4,96.0,93.4,61.4,11.1,33.4,1327.0,11.8,
200,100.0,100.0,96.8,93.1,91.6,84.8,55.3,9.4,29.6,1437.0,7.5,
201,100.0,100.0,99.3,97.4,92.8,89.4,58.2,9.9,32.1,1345.0,9.1,
202,100.0,99.2,98.9,96.2,90.3,86.7,58.3,12.2,33.1,1339.0,10.9,
203,100.0,100.0,98.2,96.1,91.3,88.9,54.9,11.9,30.9,1354.0,8.2,
204,100.0,100.0,97.3,94.7,91.1,89.2,57.0,11.7,31.4,1398.0,8.7,
205,100.0,100.0,98.3,96.3,91.2,87.9,58.9,13.5,32.0,1372.0,9.2,
206,100.0,98.9,97.1,95.8,90.2,85.1,52.2,10.4,28.7,1415.0,11.3,
207,100.0,99.8,96.1,90.5,88.5,87.5,41.3,5.9,30.6,1409.0,7.2,
208,100.0,100.0,99.6,97.6,95.8,91.9,50.4,10.5,32.6,1390.0,9.8,
209,100.0,99.2,98.9,96.8,93.4,89.7,47.3,10.9,29.8,1432.0,9.0,
210,100.0,100.0,99.6,98.1,95.4,91.0,51.2,12.0,31.5,1383.0,10.2,
211,100.0,99.3,98.1,96.5,92.2,86.4,46.6,9.9,28.6,1431.0,7.8,
212,100.0,98.7,97.4,96.0,94.1,88.2,44.0,8.9,29.4,1466.0,8.9,
213,100.0,98.9,96.3,94.2,89.5,79.8,42.8,9.4,26.9,1506.0,6.3,
214,100.0,99.8,98.0,95.7,92.6,87.8,48.6,10.1,30.6,1454.0,8.2,
215,100.0,94.5,92.9,91.9,84.7,78.2,39.7,8.4,24.9,1529.0,6.8,
216,100.0,98.6,95.6,91.9,88.3,76.5,41.6,9.7,27.6,1499.0,6.5,
217,100.0,99.2,96.4,94.7,91.8,87.5,48.2,9.9,29.1,1419.0,8.5,
218,100.0,97.0,95.2,93.3,92.1,89.3,45.1,7.9,30.2,1473.0,7.9,
219,100.0,98.2,97.5,91.8,88.1,80.2,42.1,9.3,27.3,1512.0,7.1,
220,100.0,99.1,98.3,93.9,90.1,88.2,51.4,11.2,32.1,1398.0,9.6,
221,100.0,99.9,99.0,96.4,90.9,84.4,39.9,4.1,28.7,1430.0,9.8,
222,100.0,98.6,97.1,93.9,90.4,85.9,47.3,10.5,29.6,1489.0,7.2,
223,100.0,98.9,97.6,95.4,92.7,90.4,50.5,11.4,33.1,1361.0,7.5,
224,100.0,99.4,97.9,96.2,91.3,86.4,52.6,12.1,32.2,1385.0,8.8,
225,100.0,97.5,96.2,91.9,87.4,82.6,54.1,12.2,33.8,1343.0,10.6,
226,100.0,98.1,97.3,95.5,90.3,85.8,49.6,10.2,32.1,1404.0,8.3,
227,100.0,100.0,98.5,95.1,90.8,86.3,52.3,12.6,29.6,1428.0,7.8,
228,100.0,98.2,96.4,91.1,85.1,79.5,48.6,8.9,26.8,1502.0,6.8,
229,100.0,99.4,97.6,94.1,89.7,83.4,47.8,7.5,28.9,1485.0,9.6,
230,100.0,100.0,99.0,97.5,94.5,89.1,51.8,12.9,30.4,1411.0,10.8,
231,100.0,100.0,99.8,97.1,96.4,92.9,59.4,14.1,31.5,1387.0,9.2,
232,100.0,100.0,100.0,98.9,95.4,90.3,51.8,12.3,32.1,1359.0,9.9,
233,100.0,100.0,98.8,97.6,93.9,88.5,53.6,12.7,30.2,1465.0,8.6,
234,100.0,100.0,100.0,99.8,98.4,97.3,57.9,15.1,31.5,1362.0,8.1,
235,100.0,100.0,99.4,98.9,97.6,93.8,59.6,11.3,30.8,1393.0,9.8,
236,100.0,100.0,99.4,97.2,93.1,89.8,50.2,12.6,28.9,1472.0,8.3,
237,100.0,100.0,100.0,98.5,96.1,92.4,53.3,13.8,32.1,1381.0,10.1,
238,100.0,100.0,99.2,96.5,94.3,87.8,46.6,7.5,28.9,1463.0,7.6,
239,100.0,100.0,98.6,97.4,96.2,91.5,50.8,10.5,30.6,1416.0,8.8,
240,100.0,100.0,100.0,99.7,97.3,92.4,66.0,26.0,32.9,1397.0,18.0,
241,100.0,99.6,99.4,98.8,97.1,92.4,61.0,29.0,29.0,1524.0,22.0,
242,100.0,99.4,98.8,98.1,95.0,92.3,61.0,27.0,32.6,1365.0,18.1,
243,100.0,96.3,93.8,91.8,87.0,79.3,54.0,23.0,28.7,1441.0,18.1,
244,100.0,100.0,99.9,99.5,97.1,93.0,60.0,28.0,31.6,1394.0,17.4,
245,100.0,100.0,99.9,99.5,97.1,93.0,61.0,27.0,31.9,1424.0,21.7,
247,100.0,96.5,93.2,90.4,87.5,81.8,46.3,11.3,29.5,1493.0,8.3,
248,100.0,98.6,97.2,95.6,90.8,86.4,47.3,9.4,30.9,1422.0,7.1,
249,100.0,98.7,95.3,92.9,88.7,83.1,44.5,10.9,28.3,1487.0,9.3,
250,100.0,99.4,96.5,91.8,89.2,81.5,42.1,7.6,29.1,1455.0,8.6,
251,100.0,99.1,97.6,93.4,87.3,78.6,39.8,7.3,27.4,1509.0,8.1,
252,100.0,100.0,98.1,95.4,90.2,85.6,50.2,9.9,31.8,1391.0,9.8,
253,100.0,98.1,96.4,91.7,86.4,80.5,47.8,10.6,29.5,1438.0,8.4,
254,100.0,100.0,100.0,100.0,96.8,38.0,32.8,6.2,14.0,1701.0,10.9,
255,100.0,100.0,100.0,100.0,96.9,74.1,47.6,8.9,22.2,1593.0,6.9,
256,100.0,100.0,100.0,100.0,95.7,74.3,45.7,11.3,21.4,1616.0,6.3,
257,100.0,95.6,84.0,65.5,53.8,21.8,45.7,11.3,9.5,1949.0,34.7,
258,100.0,100.0,100.0,100.0,95.8,75.3,43.6,10.6,21.9,1605.0,5.6,
259,100.0,100.0,100.0,100.0,97.2,85.9,47.4,6.1,22.6,1519.0,6.3,
260,100.0,100.0,100.0,100.0,96.9,74.1,41.7,13.6,21.0,1612.0,6.3,
261,100.0,100.0,100.0,100.0,90.9,55.3,38.7,12.6,14.8,1638.0,7.7,
262,100.0,100.0,100.0,100.0,93.5,68.7,38.7,16.0,16.6,1656.0,6.8,
263,100.0,100.0,100.0,100.0,88.8,70.4,43.4,15.1,15.0,1591.0,7.2,
264,100.0,100.0,100.0,100.0,92.7,78.4,42.6,13.8,22.7,1620.0,6.9,
265,100.0,95.1,79.5,71.4,60.9,51.3,37.6,12.5,16.3,1731.0,13.8,
266,100.0,94.2,79.1,70.7,58.9,47.4,34.5,14.1,15.7,1710.0,13.7,
267,100.0,100.0,100.0,100.0,92.0,77.7,44.4,10.2,24.5,1607.0,6.3,
268,100.0,100.0,100.0,100.0,94.7,82.2,43.8,13.6,22.5,1596.0,6.8,
269,100.0,100.0,100.0,100.0,95.2,74.3,38.8,18.4,17.7,1659.0,8.8,
270,100.0,100.0,100.0,100.0,93.6,80.3,41.6,13.9,22.3,1605.0,7.3,
271,100.0,100.0,100.0,100.0,91.8,65.3,39.7,11.5,15.1,1641.0,6.6,
272,100.0,100.0,100.0,100.0,91.7,77.9,42.8,14.6,22.8,1635.0,7.7,
273,100.0,100.0,100.0,100.0,94.2,74.8,38.6,16.4,17.3,1665.0,7.7,
274,100.0,100.0,100.0,100.0,96.2,78.5,39.8,16.4,18.7,1647.0,6.9,
275,100.0,100.0,100.0,100.0,94.1,74.6,39.7,16.5,16.4,1650.0,8.2,
276,100.0,100.0,100.0,100.0,92.3,78.3,41.7,19.9,22.3,1625.0,6.9,
277,100.0,100.0,100.0,100.0,93.7,80.9,46.7,10.5,24.3,1561.0,5.7,
278,100.0,100.0,100.0,100.0,93.1,78.4,42.7,11.3,22.3,1618.0,6.4,
279,100.0,100.0,100.0,100.0,92.0,83.4,45.4,8.7,22.3,1547.0,4.7,
280,100.0,100.0,100.0,100.0,97.1,86.8,46.6,10.4,23.2,1561.0,5.9,
281,100.0,100.0,100.0,100.0,92.7,79.3,42.9,16.1,21.9,1602.0,6.1,
282,100.0,100.0,100.0,100.0,94.3,75.8,38.7,16.7,16.8,1674.0,7.6,
283,100.0,100.0,100.0,100.0,91.5,78.4,42.4,15.2,22.8,1629.0,7.0,
284,100.0,100.0,100.0,100.0,95.1,74.2,40.6,16.4,15.5,1673.0,8.9,
285,100.0,100.0,100.0,100.0,95.1,76.7,37.7,17.0,16.3,1643.0,6.8,
286,100.0,100.0,100.0,100.0,94.9,73.7,38.0,17.0,17.8,1664.0,9.0,
287,100.0,100.0,100.0,100.0,92.0,77.6,40.6,14.3,22.3,1640.0,7.3,
288,100.0,100.0,100.0,100.0,94.4,75.0,39.6,16.7,15.1,1668.0,7.7,
289,100.0,100.0,100.0,100.0,97.6,87.4,43.9,13.6,21.7,1537.0,5.0,
290,100.0,100.0,100.0,100.0,95.5,87.1,43.5,11.0,23.7,1593.0,4.5,
291,100.0,100.0,100.0,100.0,92.5,78.9,42.7,13.2,21.2,1618.0,6.9,
292,100.0,100.0,100.0,100.0,96.6,87.4,45.7,15.0,23.0,1571.0,4.4,
293,100.0,84.8,61.9,43.7,36.0,31.5,38.5,12.5,17.1,1831.0,14.7,
294,100.0,95.8,80.1,66.6,50.9,44.4,36.9,8.7,15.6,1870.0,19.5,
295,100.0,100.0,100.0,100.0,93.7,48.0,33.7,13.3,15.0,1739.0,7.1,
296,100.0,82.0,64.9,49.9,37.1,31.4,32.7,8.2,12.8,1905.0,24.8,
297,100.0,100.0,100.0,100.0,94.8,79.5,44.7,13.6,21.1,1607.0,7.5,
298,100.0,100.0,86.7,78.4,69.0,61.4,42.6,13.9,19.3,1702.0,14.6,
299,100.0,100.0,88.9,81.2,71.1,64.4,42.4,13.4,20.9,1644.0,9.5,
300,100.0,100.0,100.0,100.0,93.4,76.8,39.6,16.7,18.6,1675.0,7.1,
301,100.0,100.0,100.0,100.0,93.8,77.5,40.4,16.8,19.6,1673.0,7.1,
302,100.0,100.0,100.0,100.0,94.3,76.7,38.0,16.6,18.1,1672.0,7.8,
303,100.0,100.0,100.0,100.0,94.1,77.3,39.8,17.4,18.6,1644.0,7.9,
304,100.0,100.0,100.0,100.0,94.7,25.1,41.5,17.6,17.9,1653.0,7.6,
305,100.0,100.0,100.0,100.0,97.5,38.8,37.9,13.5,14.0,1702.0,10.8,
306,100.0,100.0,100.0,100.0,96.6,40.9,39.7,14.0,15.4,1733.0,11.3,
307,100.0,100.0,100.0,100.0,94.7,65.5,35.9,13.5,14.8,1707.0,11.3,
308,100.0,100.0,100.0,100.0,93.8,64.1,38.0,13.9,14.8,1726.0,12.1,
309,100.0,100.0,100.0,100.0,96.5,37.8,37.5,13.3,14.6,1783.0,11.7,
310,100.0,100.0,100.0,100.0,95.8,41.0,39.4,15.4,14.0,1625.0,9.1,
311,100.0,100.0,100.0,100.0,95.8,81.4,41.6,14.4,19.1,1605.0,6.6,
312,100.0,98.0,88.5,69.2,59.2,29.5,33.5,10.7,11.8,1976.0,22.5,
313,100.0,100.0,100.0,100.0,94.7,78.4,40.9,16.8,20.1,1689.0,7.0,
314,100.0,100.0,100.0,100.0,95.5,78.4,42.5,16.4,20.2,1666.0,6.5,
315,100.0,95.1,82.5,71.6,57.9,48.1,36.8,13.2,14.2,1842.0,18.5,
316,100.0,94.4,82.6,71.5,56.0,47.2,33.5,11.3,14.0,1865.0,18.5,
317,100.0,100.0,100.0,100.0,96.5,80.7,42.7,18.5,18.1,1656.0,6.1,
318,100.0,96.2,81.8,69.4,54.3,46.2,40.9,16.6,14.7,1766.0,18.2,
319,100.0,100.0,100.0,100.0,96.4,79.0,39.7,17.3,18.5,1679.0,8.2,
320,100.0,100.0,100.0,100.0,94.8,77.8,40.9,16.8,17.3,1662.0,8.6,
321,100.0,100.0,100.0,100.0,95.2,77.8,38.6,17.6,18.6,1667.0,8.5,
322,100.0,100.0,100.0,100.0,95.0,77.9,40.5,15.9,19.5,1672.0,8.1,
323,100.0,100.0,100.0,100.0,95.5,78.4,40.7,16.7,19.9,1661.0,8.1,
324,100.0,100.0,100.0,100.0,95.4,78.0,39.9,16.8,18.3,1642.0,8.6,
325,100.0,100.0,100.0,100.0,95.6,78.6,38.7,17.1,17.6,1647.0,8.0,
326,100.0,100.0,100.0,100.0,94.4,77.0,40.6,16.6,17.8,1656.0,9.3,
327,100.0,96.6,82.4,69.2,54.9,47.7,38.7,16.3,14.2,1877.0,21.0,
328,100.0,100.0,100.0,100.0,97.2,85.9,41.6,11.9,22.4,1589.0,4.7,
329,100.0,100.0,100.0,100.0,93.7,78.0,39.7,16.9,17.9,1676.0,8.1,
330,100.0,100.0,100.0,100.0,96.4,83.9,45.8,13.7,21.5,1604.0,5.6,
331,100.0,100.0,88.4,80.8,73.5,51.9,37.6,13.7,15.9,1682.0,9.9,
332,100.0,100.0,89.1,81.9,76.1,54.6,36.6,13.6,15.6,1667.0,9.4,
333,100.0,100.0,90.2,82.9,74.3,54.0,36.2,14.0,15.4,1674.0,9.6,
334,100.0,100.0,86.3,77.9,68.9,49.9,37.6,13.6,15.3,1705.0,10.6,
335,100.0,100.0,89.1,81.7,73.1,53.1,36.7,14.3,16.4,1678.0,9.5,
336,89.8,60.8,32.6,22.2,16.7,14.0,24.8,4.7,10.3,2091.0,46.6,
337,88.7,59.9,32.2,21.3,16.5,13.8,24.8,5.1,9.6,2090.0,48.5,
338,88.5,58.3,30.5,21.0,16.2,13.6,24.6,5.3,9.7,2108.0,46.7,
339,89.1,59.7,31.2,21.1,15.5,13.1,24.6,4.6,10.5,2080.0,44.8,
340,89.1,59.3,31.0,20.7,15.9,13.7,23.9,5.6,9.5,2141.0,49.1,
341,85.5,59.3,31.7,22.0,17.0,14.5,23.7,5.3,9.9,2091.0,48.8,
342,88.6,59.9,31.8,22.0,16.7,14.1,24.4,4.3,10.0,2110.0,47.2,
343,89.6,60.9,32.7,22.3,16.8,13.7,23.5,4.6,9.9,2107.0,48.7,
344,88.4,57.9,31.0,21.2,16.1,13.8,23.8,4.9,9.9,2112.0,48.7,
345,88.4,57.8,31.0,21.1,16.0,13.7,23.5,4.1,9.7,2125.0,50.3,
346,88.4,57.8,30.8,20.9,16.0,13.7,23.1,4.2,9.6,2120.0,52.2,
347,88.3,57.7,30.6,20.7,15.6,13.4,22.9,3.8,9.6,2142.0,53.0,
348,88.3,57.8,30.8,21.0,16.0,13.6,22.8,3.9,9.6,2178.0,54.9,
349,88.4,58.0,30.9,21.0,16.0,13.8,23.0,3.7,10.2,2110.0,52.2,
350,88.4,58.2,31.1,21.2,16.2,13.8,23.2,3.1,9.6,2198.0,52.7,
351,89.8,60.8,32.6,22.2,16.7,14.0,22.8,4.5,9.1,2551.0,83.0,
352,88.7,59.9,32.2,21.3,16.5,13.8,23.8,4.1,10.5,2175.0,85.6,
353,88.5,58.3,30.5,21.0,16.2,13.6,24.6,5.3,9.4,2168.0,86.9,
354,89.1,59.7,31.2,21.1,15.5,13.1,24.6,4.6,8.9,2170.0,88.3,
355,89.1,59.3,31.0,20.7,15.9,13.7,23.9,5.6,9.5,2162.0,84.6,
356,88.5,59.3,31.7,22.0,17.0,14.5,23.7,5.3,9.7,2149.0,85.1,
357,88.6,59.9,31.8,22.0,16.7,14.1,24.4,4.3,9.9,2127.0,85.2,
358,89.6,60.9,32.7,22.3,16.8,13.7,23.5,4.6,10.3,2185.0,87.3,
359,88.4,57.9,31.0,21.2,16.1,13.8,23.8,4.9,10.6,2170.0,87.4,
360,88.4,57.8,31.0,21.1,16.0,13.7,23.5,4.1,10.5,2183.0,90.6,
361,88.4,57.8,30.8,20.9,16.0,13.7,23.1,4.2,10.5,2255.0,90.1,
362,88.3,57.7,30.6,20.7,15.6,13.4,22.9,3.8,10.1,2092.0,87.9,
363,88.3,57.8,30.8,21.0,16.0,13.6,22.8,3.9,10.6,2187.0,86.4,
364,88.4,58.0,30.9,21.0,16.0,13.8,23.0,3.7,10.7,2246.0,88.5,
365,88.4,58.2,31.1,21.2,16.2,13.8,23.2,3.1,10.1,2239.0,88.6,
366,100.0,100.0,100.0,100.0,93.71,55.27,28.07,8.31,13.6,1610.0,8.2,
367,100.0,100.0,100.0,100.0,94.1,56.29,30.46,9.45,15.6,1582.0,7.78,
368,100.0,100.0,100.0,100.0,95.83,60.4,29.61,11.0,16.3,1607.0,9.42,
369,100.0,100.0,100.0,100.0,95.74,61.63,31.16,10.99,17.6,1599.0,9.79,
370,100.0,100.0,100.0,100.0,94.82,59.07,32.46,12.43,16.0,1659.0,8.05,
371,100.0,100.0,100.0,100.0,95.22,53.33,27.74,9.99,16.0,1591.0,9.2,
372,100.0,100.0,100.0,100.0,95.33,54.51,29.18,10.31,17.1,1628.0,9.45,
373,100.0,73.7,56.5,47.0,43.9,25.0,29.3,9.1,8.5,1376.0,34.8,
374,100.0,76.1,59.9,49.3,45.5,23.7,30.8,10.3,8.1,1443.0,38.4,
375,100.0,100.0,98.9,96.5,90.8,68.3,32.0,13.0,12.0,1707.0,3.2,
376,100.0,100.0,100.0,91.8,54.7,31.2,34.0,20.0,16.4,1645.0,5.4,
377,100.0,100.0,100.0,99.4,95.4,85.4,65.0,18.0,32.4,1375.0,10.0,
378,100.0,100.0,100.0,99.6,97.3,89.9,54.0,18.0,27.6,1496.0,12.4,
379,100.0,100.0,100.0,99.4,96.4,89.0,36.0,12.0,26.8,1523.0,9.4,
380,100.0,100.0,100.0,99.4,92.4,80.9,54.0,17.0,24.9,1565.0,11.8,
381,100.0,100.0,100.0,98.4,91.4,76.2,44.0,18.0,22.7,1551.0,10.9,
382,100.0,100.0,99.8,97.0,99.6,69.9,36.0,12.0,21.7,1598.0,5.6,
383,100.0,100.0,100.0,100.0,99.6,69.9,36.0,12.0,22.2,1512.0,11.2,
384,100.0,100.0,99.8,97.8,91.5,43.8,25.0,10.0,16.2,1734.0,10.4,
385,100.0,100.0,100.0,99.7,98.8,43.9,41.0,10.0,19.4,1580.0,9.9,
386,100.0,100.0,100.0,99.7,98.6,95.5,51.0,23.0,29.1,1460.0,12.0,
387,100.0,100.0,99.4,95.7,85.9,65.8,44.0,12.0,22.6,1608.0,16.0,
388,100.0,100.0,100.0,99.8,99.1,94.8,59.0,24.0,27.0,1443.0,8.4,
389,100.0,100.0,100.0,99.9,98.8,73.2,38.0,16.0,18.6,1614.0,18.4,
390,100.0,100.0,99.1,93.8,81.0,38.8,26.0,10.0,16.2,1746.0,9.4,
391,100.0,100.0,100.0,99.6,95.2,79.5,51.0,12.0,28.3,1507.0,7.2,
392,100.0,100.0,100.0,99.9,98.9,72.0,45.0,15.0,20.8,1586.0,7.3,
393,100.0,100.0,100.0,99.5,98.3,77.3,46.0,22.0,25.8,1494.0,12.6,
394,100.0,100.0,100.0,99.9,99.7,97.8,54.0,13.0,27.8,1411.0,10.6,
395,100.0,100.0,99.9,98.8,95.0,83.5,48.0,18.0,26.9,1465.0,12.3,
396,100.0,100.0,100.0,99.9,98.0,91.5,51.0,10.0,26.8,1322.0,7.0,
397,100.0,100.0,100.0,99.7,98.2,76.8,45.0,12.0,22.3,1503.0,18.0,
398,100.0,100.0,100.0,99.8,98.4,88.4,51.0,12.0,25.2,1402.0,14.6,
399,100.0,100.0,100.0,100.0,99.0,92.0,68.0,33.0,29.1,1289.0,6.2,
400,100.0,100.0,100.0,99.9,99.9,93.6,52.0,16.0,29.8,1370.0,7.9,
401,100.0,100.0,100.0,99.8,98.0,90.1,63.0,14.0,33.2,1288.0,6.7,
402,100.0,100.0,99.6,94.6,91.2,86.8,53.0,18.0,29.3,1452.0,17.0,
403,100.0,100.0,99.8,99.6,99.6,98.2,57.0,20.0,31.9,1353.0,12.5,
404,100.0,100.0,99.2,87.7,54.7,40.3,32.0,5.0,14.6,1690.0,5.1,
405,100.0,98.4,93.0,88.0,63.9,51.8,46.0,17.0,18.0,1677.0,11.8,
406,100.0,100.0,100.0,99.7,98.5,96.2,63.0,28.0,26.7,1369.0,14.2,
407,100.0,100.0,99.7,99.4,99.4,96.0,66.0,21.0,28.5,1286.0,9.9,
408,100.0,100.0,99.9,99.2,98.1,95.8,60.0,18.0,32.7,1371.0,13.0,
409,100.0,100.0,100.0,99.8,98.9,92.9,53.0,18.0,30.6,1380.0,17.3,
410,100.0,100.0,100.0,98.8,93.3,84.0,54.0,15.0,32.9,1408.0,22.2,
411,100.0,94.4,81.6,76.7,66.7,59.8,49.0,13.0,17.4,1445.0,2.9,
412,100.0,100.0,99.9,99.3,98.0,89.7,49.0,22.0,27.3,1470.0,18.8,
413,100.0,99.7,98.4,97.8,96.8,95.0,76.0,24.0,29.3,1364.0,8.3,
414,100.0,100.0,99.9,99.5,98.6,96.3,63.0,27.0,34.4,1322.0,14.5,
415,100.0,100.0,100.0,99.8,99.0,94.7,70.0,24.0,32.6,1286.0,7.3,
416,100.0,100.0,100.0,99.9,99.4,99.2,81.0,28.0,38.0,1225.0,11.5,
417,100.0,100.0,100.0,100.0,99.4,95.7,71.0,23.0,36.2,1240.0,14.3,
418,100.0,100.0,100.0,99.9,98.6,96.4,76.0,28.0,31.0,1392.0,9.3,
419,100.0,100.0,100.0,99.2,97.5,91.8,56.0,16.0,29.1,1384.0,15.7,
420,100.0,100.0,98.6,95.2,83.8,67.9,45.0,14.0,27.5,1452.0,11.3,
421,100.0,100.0,100.0,99.5,97.8,91.3,54.0,19.0,29.7,1409.0,15.3,
422,100.0,100.0,100.0,100.0,99.7,93.9,56.0,20.0,37.0,1316.0,11.1,
423,100.0,99.9,99.6,95.2,83.9,70.8,52.0,13.0,28.3,1507.0,7.6,
424,100.0,100.0,100.0,100.0,98.0,87.6,52.0,14.0,31.0,1417.0,9.2,
425,100.0,100.0,100.0,97.6,91.8,80.4,44.0,11.0,21.4,1586.0,16.9,
426,100.0,100.0,100.0,98.2,95.3,87.8,50.0,7.0,27.1,1526.0,29.8,
427,100.0,100.0,99.5,96.3,86.0,74.1,48.0,14.0,27.5,1534.0,8.7,
428,100.0,100.0,100.0,99.7,97.1,85.7,60.0,27.0,22.2,1584.0,6.1,
429,100.0,100.0,100.0,99.7,98.8,88.7,58.0,21.0,28.9,1533.0,17.3,
430,100.0,100.0,100.0,99.9,99.5,95.5,64.0,11.0,35.7,1294.0,19.7,
431,100.0,100.0,100.0,99.3,93.9,80.5,46.0,15.0,25.2,1618.0,25.8,
432,100.0,100.0,100.0,99.2,96.6,84.6,50.0,16.0,24.8,1582.0,19.2,
433,100.0,100.0,100.0,99.9,99.6,88.0,58.0,15.0,29.2,1474.0,16.7,
434,100.0,99.87,99.68,98.52,73.75,35.99,31.1,14.4,14.7,1806.0,11.5,
435,100.0,99.7,99.28,98.12,71.0,35.2,31.0,22.2,14.9,1780.0,18.5,
436,100.0,100.0,99.85,99.57,90.12,60.48,25.3,15.6,16.0,1796.0,13.0,
437,100.0,99.72,99.58,99.88,96.26,36.18,18.8,3.7,13.0,1913.0,15.5,
438,100.0,99.91,99.75,99.33,87.64,38.2,26.5,17.8,15.7,1734.0,14.8,
439,100.0,100.0,99.65,99.07,97.83,47.17,34.0,15.2,18.0,1683.0,20.4,
440,100.0,100.0,99.79,98.93,92.77,42.74,23.6,11.4,15.4,1791.0,13.7,
441,100.0,99.59,98.41,96.98,69.76,34.7,29.4,23.6,21.3,1643.0,11.4,
442,100.0,100.0,99.93,99.74,93.31,42.43,32.1,25.6,22.1,1585.0,10.8,
443,100.0,99.24,98.46,97.57,63.7,38.38,47.4,36.9,30.2,1431.0,21.5,
444,100.0,99.13,96.76,92.72,62.8,36.15,48.2,37.6,30.0,1435.0,11.3,
445,100.0,98.02,94.77,90.38,64.51,34.54,39.5,26.4,24.5,1654.0,17.9,
446,100.0,96.57,92.38,87.32,60.64,31.55,47.8,37.4,25.6,1558.0,11.5,
447,100.0,100.0,99.83,99.8,76.88,52.79,35.2,22.4,5.6,1699.0,18.1,
448,100.0,100.0,99.92,99.91,99.39,35.54,25.1,11.4,11.2,1875.0,22.3,
449,100.0,100.0,99.83,99.8,97.62,52.66,34.9,22.5,10.2,1904.0,51.5,
450,100.0,100.0,99.92,99.91,99.43,36.41,25.0,12.6,11.7,2138.0,63.4,
451,100.0,100.0,99.92,99.91,99.45,37.16,24.8,12.3,9.5,2133.0,73.0,
452,100.0,100.0,100.0,100.0,99.8,26.6,21.0,9.0,9.3,2016.0,24.0,
453,100.0,100.0,100.0,100.0,98.8,23.4,19.0,7.0,9.8,2013.0,28.7,
454,100.0,100.0,100.0,100.0,99.6,26.9,23.0,9.0,11.6,1870.0,14.1,
455,100.0,100.0,100.0,100.0,99.7,33.2,24.0,12.0,9.2,2012.0,22.1,
456,100.0,100.0,100.0,100.0,99.9,25.3,21.0,7.0,11.9,1913.0,12.8,
457,100.0,100.0,100.0,100.0,99.8,26.8,23.0,10.0,11.2,1842.0,10.7,
458,100.0,100.0,100.0,100.0,98.8,24.2,20.0,9.0,9.4,1983.0,11.3,
459,100.0,100.0,100.0,100.0,99.3,21.8,18.0,5.0,8.8,2027.0,28.6,
460,100.0,100.0,100.0,100.0,98.5,19.6,21.0,10.0,10.7,1869.0,11.5,
461,100.0,100.0,100.0,100.0,99.6,20.8,19.0,6.0,8.6,1991.0,29.0,
462,100.0,100.0,100.0,100.0,98.1,22.9,19.0,11.0,89.9,2035.0,39.6,
463,100.0,100.0,100.0,100.0,99.6,27.6,21.0,8.0,9.3,2012.0,36.1,
464,100.0,100.0,100.0,100.0,99.9,34.6,25.0,13.0,30.0,1499.0,15.2,
465,100.0,100.0,100.0,100.0,99.7,21.3,17.0,4.0,9.4,1988.0,31.1,
466,100.0,100.0,100.0,100.0,99.9,30.8,21.0,5.0,10.5,1998.0,44.2,
467,100.0,100.0,100.0,100.0,99.7,23.7,20.0,5.0,9.6,2054.0,38.8,
468,100.0,100.0,100.0,100.0,99.4,25.2,22.0,12.0,11.8,1877.0,13.4,
469,100.0,100.0,100.0,100.0,99.6,27.5,25.0,13.0,10.0,1986.0,39.9,
470,100.0,100.0,100.0,100.0,99.9,24.8,20.0,5.0,11.7,1893.0,12.7,
471,100.0,100.0,100.0,100.0,99.1,24.5,21.0,9.0,9.4,2004.0,34.1,
472,100.0,100.0,100.0,100.0,99.5,21.6,18.0,4.0,10.9,1869.0,11.6,
473,100.0,100.0,100.0,100.0,99.8,22.7,21.0,8.0,9.7,1979.0,45.1,
474,100.0,100.0,100.0,100.0,99.6,21.1,18.0,5.0,8.3,2033.0,43.3,
475,100.0,100.0,99.9,99.9,99.4,23.0,23.0,11.0,8.5,2188.0,40.0,
476,100.0,100.0,100.0,100.0,99.1,25.8,18.0,3.0,8.2,1993.0,44.6,
477,100.0,100.0,100.0,100.0,98.4,26.1,22.0,11.0,10.9,1912.0,17.0,
478,100.0,100.0,100.0,100.0,99.1,25.5,22.0,7.0,12.0,1896.0,19.3,
479,100.0,100.0,100.0,100.0,99.9,26.6,25.0,11.0,9.7,2005.0,46.5,
480,100.0,100.0,100.0,100.0,99.7,26.1,20.0,4.0,9.5,2033.0,36.7,
481,100.0,100.0,100.0,100.0,98.1,22.9,19.0,11.0,9.2,2017.0,32.4,
482,100.0,100.0,100.0,99.9,98.9,94.6,77.0,30.0,38.2,1312.0,7.2,
483,100.0,100.0,99.9,99.5,97.0,87.9,60.0,23.0,30.1,1396.0,10.2,
484,100.0,100.0,100.0,99.9,97.5,83.1,49.0,20.0,27.4,1502.0,1.9,
485,100.0,100.0,100.0,97.9,78.4,69.0,57.0,22.0,26.3,1530.0,2.1,
486,100.0,99.9,99.3,97.7,81.4,56.5,42.0,13.0,23.2,1570.0,5.0,
487,100.0,92.8,81.3,59.1,29.4,19.8,38.0,14.0,11.5,1910.0,38.0,
488,99.0,93.4,88.8,77.7,43.8,24.8,39.0,12.0,14.6,1840.0,34.2,
489,100.0,99.5,94.8,81.8,52.3,70.3,38.0,14.0,13.7,1861.0,18.8,
490,96.5,75.3,66.5,53.9,18.6,8.7,24.0,7.0,12.1,1784.0,43.1,
491,100.0,100.0,99.9,96.8,68.5,50.3,48.0,18.0,19.7,1652.0,18.8,
492,100.0,100.0,99.8,99.0,81.6,70.3,57.0,21.0,26.3,1490.0,11.0,
493,100.0,100.0,99.9,99.7,91.4,82.9,65.0,27.0,29.9,1449.0,7.3,
494,100.0,99.9,98.3,96.5,85.4,69.0,54.0,20.0,24.0,1541.0,22.2,
495,100.0,100.0,100.0,99.9,92.0,81.1,62.0,25.0,30.2,1408.0,12.3,
496,100.0,100.0,100.0,98.3,34.0,19.5,43.0,19.0,14.9,1821.0,12.1,
497,100.0,100.0,100.0,99.9,91.7,74.9,50.0,16.0,26.1,1488.0,11.2,
498,100.0,100.0,100.0,99.9,88.6,66.6,43.0,14.0,23.6,1545.0,11.1,
499,100.0,100.0,100.0,99.7,90.5,75.1,46.0,14.0,27.3,1462.0,16.8,
500,100.0,100.0,100.0,99.6,91.0,75.0,46.0,15.0,27.3,1490.0,9.7,
501,100.0,100.0,100.0,99.8,95.7,86.4,57.0,21.0,32.8,1395.0,7.5,
502,100.0,100.0,100.0,99.6,94.9,85.1,51.0,20.0,29.6,1439.0,8.2,
503,100.0,100.0,100.0,98.4,87.6,72.6,45.0,16.0,29.3,1396.0,14.1,
504,100.0,100.0,100.0,100.0,84.9,43.3,34.1,11.4,13.6,1370.0,8.7,
505,100.0,100.0,100.0,100.0,91.2,60.1,36.0,12.3,15.5,1576.0,12.5,
506,100.0,100.0,100.0,100.0,87.9,52.4,34.6,10.9,15.1,1721.0,13.8,
507,100.0,100.0,100.0,100.0,92.9,51.4,35.7,12.0,16.7,1727.0,20.0,
508,100.0,97.4,88.7,83.9,74.3,48.2,31.6,11.4,16.8,1658.0,14.6,
509,100.0,77.0,61.0,46.6,35.2,20.5,30.5,9.7,12.3,1890.0,51.5,
510,100.0,87.2,80.2,71.6,62.6,40.6,31.8,10.2,14.0,1728.0,24.5,100.0
511,100.0,100.0,100.0,100.0,92.4,53.8,36.4,13.1,18.6,1670.0,7.7,
512,100.0,97.0,80.5,70.7,65.8,41.9,32.6,10.2,12.4,1902.0,22.5,
513,100.0,100.0,99.8,96.1,88.8,55.9,30.8,9.7,14.4,1725.0,21.0,
514,100.0,99.2,94.4,85.7,81.2,56.8,27.3,9.6,14.8,1854.0,11.6,
515,100.0,86.1,77.7,69.1,61.5,36.4,32.6,11.3,11.7,1729.0,19.5,
516,95.6,86.6,60.7,45.3,38.9,17.8,28.4,9.2,10.4,1980.0,22.6,
517,100.0,88.7,69.5,61.2,53.8,31.7,36.5,12.5,13.1,1695.0,12.6,
518,100.0,100.0,100.0,98.9,91.8,46.8,35.7,9.8,14.1,1589.0,14.8,
519,97.9,77.1,56.3,40.7,36.1,26.3,32.4,8.0,9.2,2009.0,29.7,
520,100.0,83.7,61.6,48.4,41.5,26.7,34.2,13.0,9.8,1917.0,24.6,
521,100.0,90.2,75.1,65.0,59.8,33.4,32.1,7.2,11.7,1877.0,21.4,
522,99.2,83.6,51.2,36.9,32.2,23.7,45.2,18.6,10.2,1916.0,24.7,
523,100.0,100.0,99.9,96.4,94.6,73.8,39.6,14.9,19.6,1563.0,12.1,
524,99.0,86.6,66.9,45.7,36.7,25.1,31.9,11.3,13.6,1809.0,21.2,
525,100.0,100.0,100.0,97.3,90.4,54.9,31.5,6.5,18.8,1507.0,5.5,
526,100.0,100.0,100.0,99.5,93.7,50.7,30.2,8.4,17.2,1616.0,8.6,
527,100.0,100.0,100.0,99.8,94.7,53.7,30.8,11.1,17.9,1551.0,7.3,
528,100.0,100.0,100.0,99.7,95.3,53.2,33.2,12.4,18.4,1544.0,8.9,
529,100.0,100.0,100.0,99.8,94.8,57.7,29.0,9.8,17.0,1553.0,6.5,
530,100.0,100.0,100.0,99.8,96.0,55.4,29.2,9.6,17.2,1561.0,5.5,
531,100.0,100.0,100.0,99.1,91.7,54.5,29.8,8.9,20.0,1521.0,8.3,
532,100.0,100.0,97.8,92.7,85.5,57.7,29.7,9.1,19.4,1519.0,10.7,
533,100.0,99.4,97.2,92.9,86.8,59.3,31.6,9.9,19.5,1523.0,10.1,
534,100.0,99.5,6.7,91.2,85.4,56.0,30.9,11.1,20.7,1549.0,12.2,
535,100.0,99.5,96.5,90.5,84.9,57.8,30.2,9.9,19.8,1537.0,10.5,
536,100.0,99.5,96.8,92.0,85.7,56.9,34.0,13.3,19.1,1544.0,12.2,
537,100.0,99.5,96.5,90.7,85.4,57.1,29.9,9.1,17.0,1503.0,11.5,
538,100.0,99.4,96.5,91.7,85.6,57.3,29.1,9.9,18.9,1551.0,11.6,
539,100.0,99.4,96.2,90.1,84.3,56.0,32.2,11.3,18.1,1585.0,9.5,
540,99.4,88.7,70.0,57.8,53.2,39.0,33.2,12.2,15.2,1687.0,13.8,
541,99.5,88.6,69.5,55.2,49.8,37.0,34.0,13.3,16.8,1644.0,17.1,
542,80.5,58.1,40.3,27.6,23.3,15.0,33.8,14.1,9.6,2008.0,59.2,
543,98.2,82.2,57.0,44.5,38.8,25.5,35.4,14.9,10.3,1949.0,49.2,
544,97.8,81.8,57.3,44.7,39.0,28.3,35.6,13.1,10.6,1941.0,47.9,
545,97.2,79.6,55.1,38.7,35.0,23.6,37.4,12.1,10.6,1972.0,45.9,
546,91.0,61.0,41.4,25.8,22.4,16.2,37.9,14.6,9.0,2055.0,56.5,
547,89.8,63.1,45.6,30.7,26.2,17.9,36.7,14.2,9.4,2011.0,59.4,
548,93.3,72.6,51.8,37.4,32.4,24.9,36.5,14.5,10.2,1982.0,42.6,
549,91.0,65.3,48.0,32.8,28.4,19.9,35.8,13.0,10.1,2004.0,47.9,
550,94.5,71.3,53.5,41.9,36.3,15.8,27.6,7.9,10.2,2043.0,51.7,
551,92.3,74.2,53.0,39.8,35.1,17.0,32.6,11.1,8.8,2014.0,61.8,
552,90.0,73.7,54.5,38.8,33.4,19.8,26.0,7.0,9.3,2077.0,48.0,
553,90.0,65.9,51.2,37.9,33.2,13.8,26.5,7.4,9.1,2014.0,77.4,
554,92.7,68.0,47.2,27.1,24.4,18.8,37.9,14.1,8.9,2116.0,108.4,
555,87.4,67.2,44.0,27.1,23.9,15.6,35.2,13.1,9.4,2111.0,107.5,
556,90.7,68.8,48.0,28.8,24.9,15.9,35.6,13.0,9.0,2102.0,91.8,
557,82.0,55.0,35.9,22.0,19.9,14.3,42.5,18.2,7.2,2165.0,82.6,
558,99.4,80.1,53.1,35.5,31.0,21.5,36.8,15.0,7.6,2133.0,117.8,
559,91.9,67.8,43.9,28.1,24.9,17.6,36.9,12.5,7.9,2094.0,105.1,
560,92.2,72.7,48.4,34.2,30.0,20.4,36.3,13.7,8.2,2061.0,94.0,
561,100.0,100.0,100.0,100.0,98.9,86.4,49.0,20.0,28.9,1527.0,13.5,
562,100.0,99.8,99.8,99.6,98.7,92.7,53.0,20.0,30.0,1499.0,15.2,
563,100.0,100.0,100.0,99.8,98.8,94.6,50.0,26.0,32.5,1419.0,6.3,
564,100.0,100.0,100.0,99.8,98.8,94.6,50.0,26.0,29.7,1505.0,14.3,
565,100.0,100.0,100.0,99.9,98.9,95.3,53.0,21.0,30.0,1468.0,15.6,
566,100.0,100.0,99.9,99.7,98.0,93.7,54.0,22.0,27.9,1546.0,19.6,
567,100.0,100.0,100.0,99.7,98.6,95.0,53.0,24.0,26.6,1587.0,14.0,
568,100.0,100.0,100.0,99.9,99.2,94.5,63.0,30.0,26.7,1592.0,,
569,100.0,98.9,98.7,98.7,98.3,95.2,70.0,33.0,30.0,1555.0,14.2,
570,100.0,100.0,100.0,99.9,99.5,96.2,62.0,29.0,30.8,1500.0,13.1,
571,100.0,100.0,100.0,99.9,99.3,95.8,66.0,33.0,32.7,1432.0,11.2,
572,100.0,100.0,100.0,99.9,99.6,95.7,71.0,38.0,29.7,1488.0,15.8,
573,100.0,100.0,100.0,99.8,99.3,95.5,56.0,21.0,32.3,1399.0,7.4,
574,100.0,100.0,100.0,99.8,99.3,95.5,56.0,21.0,30.7,1488.0,14.4,
575,100.0,99.7,99.7,99.6,99.2,96.1,70.0,37.0,30.4,1494.0,13.7,
576,100.0,100.0,100.0,99.8,99.2,95.4,54.0,15.0,30.4,1500.0,15.2,
577,100.0,100.0,99.9,99.8,99.3,96.0,82.0,42.0,31.3,1442.0,9.3,
578,100.0,100.0,99.9,99.8,99.3,96.0,82.0,42.0,30.5,1527.0,15.4,
579,100.0,100.0,100.0,99.9,99.4,96.0,58.0,18.0,30.0,1517.0,16.5,
580,100.0,100.0,100.0,99.8,99.1,95.7,65.0,31.0,30.1,1492.0,14.0,
581,100.0,100.0,100.0,99.9,99.4,94.6,56.0,25.0,30.9,1517.0,16.3,
582,100.0,100.0,100.0,99.9,99.5,94.7,61.0,29.0,29.9,1505.0,14.0,
583,100.0,100.0,100.0,99.8,97.7,88.9,49.0,20.0,30.5,1505.0,15.5,
584,100.0,100.0,100.0,99.8,99.4,96.1,47.0,13.0,31.4,1396.0,7.2,
585,100.0,100.0,100.0,99.8,99.4,96.1,47.0,13.0,30.0,1514.0,16.5,
586,100.0,100.0,100.0,99.9,98.2,86.2,50.0,24.0,30.6,1509.0,16.3,
587,100.0,100.0,100.0,99.9,98.5,91.8,53.0,24.0,29.1,1498.0,15.6,
588,100.0,100.0,100.0,99.8,98.5,90.6,56.0,28.0,30.6,1500.0,15.1,
589,100.0,100.0,100.0,99.9,98.8,86.1,54.0,23.0,29.9,1488.0,12.2,
590,100.0,100.0,100.0,100.0,98.9,86.4,49.0,20.0,29.8,1518.0,15.3,
591,100.0,100.0,100.0,100.0,98.4,84.7,48.0,22.0,28.7,1512.0,13.7,
592,100.0,100.0,100.0,99.9,99.0,95.3,52.0,22.0,30.7,1461.0,7.4,
593,100.0,100.0,100.0,99.7,98.5,95.4,64.0,28.0,29.3,1491.0,15.5,
594,100.0,100.0,100.0,99.9,99.3,94.4,57.0,24.0,31.5,1432.0,7.9,
595,100.0,100.0,99.39,98.48,89.06,49.99,29.0,9.0,12.1,1815.0,14.0,
596,100.0,100.0,84.82,74.77,62.74,40.19,33.0,11.0,16.5,1729.0,20.0,
597,100.0,95.22,95.98,94.45,72.86,36.65,30.0,9.0,16.5,1660.0,9.0,
599,100.0,98.3,90.7,83.41,73.01,44.72,36.0,15.0,16.2,1718.0,7.0,
600,100.0,99.33,92.99,88.84,83.58,57.63,35.0,13.0,20.2,1605.0,10.5,
601,100.0,100.0,100.0,99.12,77.31,35.04,31.0,12.0,10.7,1907.0,23.5,
602,100.0,100.0,99.08,97.5,93.78,57.99,38.0,16.0,18.0,1693.0,11.0,
603,100.0,100.0,96.21,93.92,86.27,49.44,34.0,12.0,19.8,1629.0,3.0,
604,100.0,100.0,98.16,96.75,90.54,39.64,28.0,11.0,15.4,1757.0,6.0,
605,100.0,100.0,94.33,91.22,81.52,44.63,33.0,13.0,16.6,1714.0,5.5,
606,100.0,100.0,95.45,92.04,78.95,44.65,38.0,16.0,18.8,1664.0,5.0,
607,100.0,99.6,97.86,93.91,83.39,48.05,34.0,17.0,16.3,1728.0,8.7,
608,95.7,72.52,49.07,32.01,20.02,12.11,37.0,13.0,12.7,1842.0,30.0,
609,97.61,65.4,45.43,32.08,24.46,16.31,35.0,12.0,9.0,2047.0,73.5,
610,100.0,73.58,48.19,36.83,31.29,23.57,41.0,14.0,14.8,1763.0,26.5,
611,100.0,75.21,46.49,33.01,26.26,20.89,42.0,14.0,14.6,1749.0,41.0,
612,99.29,73.42,45.21,30.99,26.59,19.17,32.0,11.0,12.7,1835.0,39.0,
613,100.0,70.32,49.13,35.02,29.55,17.55,29.0,10.0,10.1,1965.0,67.0,
614,100.0,73.87,55.6,40.63,35.15,18.89,28.0,9.0,10.5,1967.0,34.0,
615,96.89,72.84,48.56,35.55,27.78,15.82,33.0,12.0,10.0,2031.0,87.0,
616,100.0,66.54,43.56,34.16,31.13,23.5,40.0,13.0,13.8,1853.0,48.0,
617,97.13,53.56,35.97,27.92,25.43,19.72,37.0,11.0,12.8,1925.0,70.0,
618,95.83,68.69,57.7,47.73,35.78,20.55,28.0,12.0,7.7,2107.0,30.0,
619,95.46,83.8,64.04,51.58,42.23,27.7,30.0,12.0,13.4,1861.0,14.0,
620,100.0,79.34,64.36,53.1,42.53,24.54,22.0,8.0,7.2,2914.0,56.5,
621,100.0,88.96,68.61,66.88,57.57,38.29,35.0,13.0,16.9,1783.0,11.0,
622,97.67,85.0,74.61,62.47,50.58,33.46,26.0,9.0,8.4,2074.0,26.0,
623,100.0,88.45,78.39,70.02,64.79,46.79,27.0,11.0,9.3,2053.0,20.0,
624,100.0,97.03,93.16,89.96,85.84,71.34,33.0,13.0,12.1,1873.0,30.0,
625,88.57,80.36,65.34,56.59,22.72,2.49,23.0,6.0,9.3,2069.0,32.0,
626,93.75,77.8,67.43,59.26,39.66,21.67,22.0,6.0,8.6,2073.0,30.0,
627,97.89,92.88,85.97,80.32,70.62,51.73,39.0,16.0,16.8,1683.0,10.0,
628,91.97,79.37,61.62,52.16,43.41,30.27,30.0,10.0,11.8,1909.0,19.5,
629,90.73,73.78,57.5,47.64,35.87,30.94,28.0,8.0,11.6,1911.0,18.5,
630,100.0,98.52,96.69,94.96,90.49,55.6,31.0,9.0,16.3,1738.0,8.5,
631,98.49,81.64,60.84,43.29,30.39,20.69,38.0,15.0,11.6,1933.0,22.0,
632,96.93,89.47,58.11,44.02,32.52,22.79,40.0,14.0,13.5,1908.0,40.0,
633,100.0,99.93,98.0,97.04,90.78,70.75,39.0,13.0,22.2,1597.0,9.0,
634,94.04,57.11,38.3,27.9,25.84,22.8,53.0,21.0,10.0,1886.0,35.0,
635,96.84,52.03,38.53,27.85,26.54,23.09,49.0,17.0,8.9,1991.0,68.0,
636,100.0,98.0,96.0,91.0,73.0,52.0,44.0,17.0,17.3,1641.0,10.5,
637,100.0,98.0,86.0,64.0,32.0,22.0,36.0,15.0,11.5,1857.0,9.0,
638,100.0,100.0,98.0,88.0,59.0,44.0,53.0,21.0,16.5,1632.0,10.5,
639,100.0,98.0,96.0,73.0,41.0,29.0,42.0,19.0,14.3,1739.0,11.0,
640,100.0,96.0,88.0,85.0,79.0,32.0,22.0,9.0,13.0,1868.0,8.0,
641,100.0,100.0,99.0,96.0,93.0,65.0,33.0,13.0,16.4,1673.0,11.0,
642,100.0,100.0,100.0,98.0,90.0,51.0,28.0,11.0,15.8,1742.0,7.2,
643,100.0,100.0,100.0,99.7,92.4,63.5,39.0,14.6,14.8,1634.0,8.1,
644,100.0,99.1,97.0,94.9,80.5,61.5,35.5,8.5,12.3,1609.0,7.6,
645,100.0,98.7,96.7,94.5,77.5,53.7,34.5,8.9,12.3,1578.0,6.9,
646,100.0,81.2,66.2,56.4,43.9,28.2,36.3,11.0,15.5,1800.0,21.5,
647,100.0,80.5,64.2,54.7,42.0,28.2,38.6,11.1,15.6,1919.0,29.1,
648,100.0,74.6,56.1,42.4,32.1,20.5,36.5,11.4,11.5,1906.0,25.5,
649,100.0,73.3,55.2,44.0,32.5,20.0,36.5,11.2,11.0,2040.0,47.9,
650,100.0,81.4,64.7,56.4,44.9,31.6,34.0,11.2,16.1,1804.0,18.7,
651,100.0,80.1,64.0,54.3,42.4,29.3,37.4,11.6,15.7,1889.0,29.6,
652,100.0,75.7,60.3,49.2,38.0,25.2,37.2,11.3,12.6,1865.0,22.2,
653,100.0,75.3,58.9,48.8,36.5,23.2,37.2,11.0,12.1,1963.0,43.5,
654,100.0,77.9,59.1,45.6,33.6,20.4,38.2,11.8,12.12,1859.0,24.0,
655,100.0,76.4,58.3,45.6,33.1,19.5,37.3,11.2,11.2,1992.0,46.8,
656,100.0,85.37105938012971,74.77999406742671,72.48450348889156,28.21730384442478,3.96163932619711,37.9,5.01762748276634,9.6,1683.0,30.4,
657,100.0,85.32607974960752,74.45475421754415,72.14612061062621,27.44795702616024,3.85719174948579,41.2,8.178400088770694,10.7,1651.0,29.4,
658,100.0,85.39324533200119,74.47996608572754,72.09050809486797,27.32362707919822,3.860834702489921,36.8,3.982201828099647,10.8,1692.0,27.2,
659,100.0,85.35504675032752,74.39198234816863,71.97756240880977,27.27178306135352,4.028286620770035,34.8,0.5711534430442478,9.9,1696.0,29.1,
660,100.0,84.75722968197827,74.19006858031027,71.88576754135887,27.14735963992062,4.016702634652806,35.3,2.900104534008757,10.1,1692.0,29.1,
661,100.0,84.80416517140438,74.32356768852286,71.95986134730956,27.12362500140181,3.73080603831951,39.8,2.510381027824038,10.1,1672.0,30.3,
662,100.0,84.88009608031474,74.45602060571035,72.07289105592098,27.69570551806542,3.937901887894737,38.6,8.194517277749558,10.0,1684.0,30.3,
663,100.0,84.69885333433886,74.24166083410526,71.77826075765573,28.49472454648882,4.249827826175567,39.4,7.299603608666949,10.3,1657.0,29.7,
664,100.0,84.81741932122821,74.25365107699724,71.7717039890326,28.40618090923564,4.081432843850155,39.9,6.226805274058367,10.6,1694.0,29.1,
665,100.0,84.75525326482783,74.18477260408258,71.67658031105049,28.15084085693108,3.675040531964849,39.9,8.773545124587079,10.5,1687.0,29.7,
666,100.0,84.72914377965223,74.09693992718266,71.54948607119587,27.91091553461762,4.137538007232004,38.7,6.922956109570977,9.9,1691.0,30.3,
667,100.0,84.62093826254788,73.9667893714266,71.3879337671949,28.20277542874421,3.88892977922213,40.3,8.879504142969862,10.3,1665.0,29.7,
668,100.0,84.57393854845301,73.97131342440598,71.39985193013536,28.10912685268194,3.78754449685896,38.7,6.808949581454781,10.7,1658.0,29.1,
669,100.0,84.58,73.99537113508616,71.41403552231564,27.95488233697873,3.984171175840792,41.2,11.49054428106561,11.1,1692.0,30.6,
670,100.0,85.8941443066801,76.0115784211801,74.07265828086182,30.28645054792018,8.656756318894,47.9,16.78592189554548,10.2,1.6,31.1,
671,100.0,85.74139374657113,75.50525239819528,73.13338516107781,30.37511901831414,7.449641985629951,45.8,13.71467385808013,10.3,1651.0,32.8,
672,100.0,86.0348295057254,77.32736229823298,75.45297700758763,32.81228374525232,13.96289750349173,46.8,14.16786649065429,10.0,1621.0,27.2,
673,100.0,87.20302892514343,77.48044798884254,75.57360781914984,30.11390685571865,7.294437722785283,37.5,2.898487778882935,10.4,1592.0,30.3,
674,100.0,85.51908441649279,74.85059306333032,72.47315962613344,30.53772133174934,10.87642123865895,37.3,4.41762748276634,10.4,1647.0,32.2,
675,100.0,85.67675132647854,75.28863603296604,72.91678409814443,32.18685726760888,9.774282612649548,42.3,8.088014222370415,9.9,1669.0,32.8,
676,100.0,86.40151328970063,76.25437795530222,74.12872688748392,30.97004190996171,7.866861995745696,40.2,8.797066773384826,10.2,1675.0,31.6,
677,100.0,85.70319351612288,75.15890960883851,73.29076919897659,36.16607818776932,17.03582658720467,41.8,8.877875796004092,10.0,1656.0,32.2,
678,100.0,86.00911099054312,75.97889533415918,73.58846351803153,30.94869012502412,5.67500537441379,37.8,4.91762748276634,8.7,1693.0,30.9,
679,100.0,85.53152094397298,75.76832095161143,73.5616839594792,29.70382056828975,6.992424719011306,48.5,15.61762748276634,10.4,1633.0,30.9,
680,100.0,85.82186998207794,75.83510475532539,73.94814351668167,33.4174369421488,13.13203879505324,45.9,10.85650573650626,10.8,1597.0,33.2,
681,100.0,85.8300911353552,75.69843548568652,73.33007557185263,32.39983373867813,11.53042065030517,39.8,5.565774118892858,10.6,1677.0,32.2,
682,100.0,85.76786430576495,75.59396673739802,73.71652741732925,30.41052527129146,9.51210604965172,40.8,4.353874841750683,10.2,1679.0,32.7,
683,100.0,85.63001083310822,75.94594665451427,73.73298866250036,32.31610955255255,11.12526458609887,40.1,7.025790902021257,10.3,1595.0,32.8,
684,100.0,85.70090277454857,75.52328611848867,73.46322370888655,32.94933703291968,14.3843109708455,40.8,6.237474102163559,9.8,1635.0,30.9,
685,100.0,87.25297437668328,78.62731775503016,76.75809256336133,33.18189637353787,13.09599344229113,40.3,8.86188759819277,10.4,1651.0,28.6,
686,100.0,87.39890212534955,77.69914372485658,75.83479389843725,38.53789366088529,22.13043699787862,38.2,8.669479259445033,10.6,1681.0,32.8,
687,100.0,86.4844383445927,75.59728857166613,73.06920034066373,22.27281502688832,7.445748629658862,38.5,7.996913820712676,10.4,1646.0,31.4,
688,100.0,86.09566947206064,77.49655165972331,76.1006744151567,24.02155455621072,9.4487679290138,40.6,10.02213135558385,9.6,1693.0,32.8,
689,100.0,87.54590224005064,79.29824955967635,77.4064835885272,38.60528395593461,29.48946577691832,38.8,8.595614093192893,10.0,1651.0,32.2,
690,100.0,95.9,92.6,89.8,84.5,59.2,40.09,14.69,19.3,1561.0,9.2,
691,100.0,96.8,92.4,88.2,80.4,49.9,39.62,12.89,16.7,1788.0,13.8,
692,100.0,96.8,92.6,88.6,80.2,49.3,38.66,14.67,17.9,1792.0,10.7,
693,95.1,92.8,87.2,82.7,74.1,45.6,40.13,11.42,15.9,1728.0,12.9,
694,100.0,93.7,86.5,84.5,67.5,36.9,42.12,13.48,17.3,1751.0,12.3,
695,100.0,93.5,86.1,80.0,63.2,33.2,39.25,14.24,17.0,1744.0,14.1,
696,100.0,92.7,89.2,86.6,78.2,47.2,40.27,12.34,18.2,1518.0,10.2,
697,100.0,92.7,89.2,86.5,78.1,47.4,38.72,13.36,18.2,1506.0,9.6,
698,100.0,92.3,89.3,86.8,77.9,46.2,38.74,12.65,18.7,1485.0,9.2,
699,100.0,96.9,92.5,84.0,67.8,46.4,39.91,14.15,17.8,1569.0,11.7,
700,100.0,85.8,78.2,74.2,67.4,57.3,36.02,14.06,17.9,1528.0,12.3,
701,100.0,86.4,78.9,75.2,69.0,57.3,39.02,11.86,18.1,1526.0,11.6,
702,100.0,95.3,91.9,88.0,78.7,53.7,41.01,12.38,18.4,1492.0,11.6,
703,100.0,95.5,92.8,89.2,80.7,53.3,38.25,12.61,18.5,1499.0,10.6,
704,100.0,95.9,92.8,89.2,80.7,53.3,40.44,13.65,19.4,1512.0,12.9,
705,100.0,95.9,92.8,89.3,80.0,51.6,38.25,11.75,18.4,1479.0,11.3,
706,100.0,95.2,92.0,88.1,76.2,49.0,40.61,13.43,18.0,1526.0,11.6,
707,100.0,96.6,92.4,88.2,80.4,49.9,39.62,12.89,18.2,1565.0,13.7,
708,100.0,94.4,87.0,80.1,63.2,40.0,42.34,15.05,17.6,1579.0,14.6,
709,100.0,97.6,95.0,90.7,77.9,50.1,39.82,13.56,18.1,1704.0,11.5,
710,100.0,93.6,89.2,85.1,76.5,45.6,38.5,11.14,17.1,1721.0,12.8,
711,100.0,93.6,89.2,85.1,76.5,45.6,42.59,11.8,18.3,1993.0,16.7,
712,100.0,95.2,91.9,88.0,76.1,48.9,40.36,14.08,18.0,1658.0,12.7,
713,100.0,95.3,92.0,88.1,75.3,45.4,35.5,13.31,18.5,1625.0,13.3,
714,100.0,95.4,92.3,88.4,75.5,44.5,37.84,14.47,18.3,1615.0,12.4,
715,100.0,95.0,92.0,88.1,76.2,49.0,40.61,13.43,18.2,1526.0,11.6,
716,100.0,96.6,92.4,88.2,80.4,49.0,39.62,12.89,18.4,1505.0,15.3,
717,100.0,94.4,87.0,80.1,63.2,40.0,42.34,15.05,17.8,1533.0,14.0,
